问题 ID,说明,状态,严重性,故事点,项目路径,位置种类,路径,折线图,列,事件 ID,帮助链接,程序集名称,程序集版本,程序集公钥,片段
NuGet.0002,建议升级 NuGet 包,Active,Potential,1,LabelPlus_Next.ApiServer\LabelPlus_Next.ApiServer.csproj,File,LabelPlus_Next.ApiServer\LabelPlus_Next.ApiServer.csproj,,,Microsoft.EntityFrameworkCore.InMemory 9.0.8,,,,,"Microsoft.EntityFrameworkCore.InMemory, 9.0.8  建议:  Remove Microsoft.EntityFrameworkCore.InMemory, and replace with new package Microsoft.EntityFrameworkCore.InMemory 10.0.3"
Project.0002,需要更改项目的目标框架,Active,Mandatory,1,LabelPlus_Next.ApiServer\LabelPlus_Next.ApiServer.csproj,File,LabelPlus_Next.ApiServer\LabelPlus_Next.ApiServer.csproj,,,,,,,,当前目标框架: net9.0 建议的目标框架: net10.0
Api.0001,对所选 .NET 版本二进制不兼容,Active,Mandatory,1,LabelPlus_Next.ApiServer\LabelPlus_Next.ApiServer.csproj,File,LabelPlus_Next.ApiServer\Services\JwtService.cs,73,12,"M:System.IdentityModel.Tokens.Jwt.JwtSecurityTokenHandler.ValidateToken(System.String,Microsoft.IdentityModel.Tokens.TokenValidationParameters,Microsoft.IdentityModel.Tokens.SecurityToken@)",,,,,"return handler.ValidateToken(token, _val, out _);"
Api.0001,对所选 .NET 版本二进制不兼容,Active,Mandatory,1,LabelPlus_Next.ApiServer\LabelPlus_Next.ApiServer.csproj,File,LabelPlus_Next.ApiServer\Services\JwtService.cs,72,12,T:System.IdentityModel.Tokens.Jwt.JwtSecurityTokenHandler,,,,,var handler = new JwtSecurityTokenHandler();
Api.0001,对所选 .NET 版本二进制不兼容,Active,Mandatory,1,LabelPlus_Next.ApiServer\LabelPlus_Next.ApiServer.csproj,File,LabelPlus_Next.ApiServer\Services\JwtService.cs,72,12,M:System.IdentityModel.Tokens.Jwt.JwtSecurityTokenHandler.#ctor,,,,,var handler = new JwtSecurityTokenHandler();
Api.0001,对所选 .NET 版本二进制不兼容,Active,Mandatory,1,LabelPlus_Next.ApiServer\LabelPlus_Next.ApiServer.csproj,File,LabelPlus_Next.ApiServer\Services\JwtService.cs,65,8,M:System.IdentityModel.Tokens.Jwt.JwtSecurityTokenHandler.WriteToken(Microsoft.IdentityModel.Tokens.SecurityToken),,,,,return handler.WriteToken(token);
Api.0001,对所选 .NET 版本二进制不兼容,Active,Mandatory,1,LabelPlus_Next.ApiServer\LabelPlus_Next.ApiServer.csproj,File,LabelPlus_Next.ApiServer\Services\JwtService.cs,58,8,T:System.IdentityModel.Tokens.Jwt.JwtSecurityToken,,,,,"var token = new JwtSecurityToken(              issuer: _opt.Issuer,              audience: _opt.Audience,              claims: claims,              notBefore: now,              expires: now.AddHours(_opt.ExpireHours),              signingCredentials: _cred);"
Api.0001,对所选 .NET 版本二进制不兼容,Active,Mandatory,1,LabelPlus_Next.ApiServer\LabelPlus_Next.ApiServer.csproj,File,LabelPlus_Next.ApiServer\Services\JwtService.cs,58,8,"M:System.IdentityModel.Tokens.Jwt.JwtSecurityToken.#ctor(System.String,System.String,System.Collections.Generic.IEnumerable{System.Security.Claims.Claim},System.Nullable{System.DateTime},System.Nullable{System.DateTime},Microsoft.IdentityModel.Tokens.SigningCredentials)",,,,,"var token = new JwtSecurityToken(              issuer: _opt.Issuer,              audience: _opt.Audience,              claims: claims,              notBefore: now,              expires: now.AddHours(_opt.ExpireHours),              signingCredentials: _cred);"
Api.0001,对所选 .NET 版本二进制不兼容,Active,Mandatory,1,LabelPlus_Next.ApiServer\LabelPlus_Next.ApiServer.csproj,File,LabelPlus_Next.ApiServer\Services\JwtService.cs,49,8,T:System.IdentityModel.Tokens.Jwt.JwtSecurityTokenHandler,,,,,var handler = new JwtSecurityTokenHandler();
Api.0001,对所选 .NET 版本二进制不兼容,Active,Mandatory,1,LabelPlus_Next.ApiServer\LabelPlus_Next.ApiServer.csproj,File,LabelPlus_Next.ApiServer\Services\JwtService.cs,49,8,M:System.IdentityModel.Tokens.Jwt.JwtSecurityTokenHandler.#ctor,,,,,var handler = new JwtSecurityTokenHandler();
Api.0002,对所选 .NET 版本源代码不兼容,Active,Potential,1,LabelPlus_Next.ApiServer\LabelPlus_Next.ApiServer.csproj,File,LabelPlus_Next.ApiServer\Services\JwtService.cs,34,8,M:System.TimeSpan.FromMinutes(System.Int64),,,,,"_val = new TokenValidationParameters          {              ValidateIssuer = true,              ValidateAudience = true,              ValidateLifetime = true,              ValidateIssuerSigningKey = true,              ValidIssuer = _opt.Issuer,              ValidAudience = _opt.Audience,              IssuerSigningKey = _key,              ClockSkew = TimeSpan.FromMinutes(2)          };"
Api.0002,对所选 .NET 版本源代码不兼容,Active,Potential,1,LabelPlus_Next.ApiServer\LabelPlus_Next.ApiServer.csproj,File,LabelPlus_Next.ApiServer\Services\JwtService.cs,34,8,M:System.TimeSpan.FromMinutes(System.Int64),,,,,"_val = new TokenValidationParameters          {              ValidateIssuer = true,              ValidateAudience = true,              ValidateLifetime = true,              ValidateIssuerSigningKey = true,              ValidIssuer = _opt.Issuer,              ValidAudience = _opt.Audience,              IssuerSigningKey = _key,              ClockSkew = TimeSpan.FromMinutes(2)          };"
Api.0003,所选 .NET 版本中的行为变化,Active,Potential,1,LabelPlus_Next.ApiServer\LabelPlus_Next.ApiServer.csproj,File,LabelPlus_Next.ApiServer\Program.cs,489,4,T:System.Uri,,,,,"var path = NormalizePath(Uri.UnescapeDataString(pathHeader ?? ""/""));"
Api.0003,所选 .NET 版本中的行为变化,Active,Potential,1,LabelPlus_Next.ApiServer\LabelPlus_Next.ApiServer.csproj,File,LabelPlus_Next.ApiServer\Program.cs,300,4,T:System.Uri,,,,,"var data = new FsGetData      {          Created = ToIso(f.Created),          Modified = ToIso(f.Modified),          IsDir = f.IsDir,          Name = f.Name,          Provider = ""labelplus-db"",          RawUrl = f.IsDir ? null : $""/api/fs/raw?path={Uri.EscapeDataString(f.Path)}"",          Readme = null,          Related = null,          Sign = f.Sign,          Size = f.Size,          Thumb = f.Thumb,          Type = f.Type,          Hashinfo = f.Hashinfo      };"
Api.0001,对所选 .NET 版本二进制不兼容,Active,Mandatory,1,LabelPlus_Next.ApiServer\LabelPlus_Next.ApiServer.csproj,File,LabelPlus_Next.ApiServer\Program.cs,21,0,"M:Microsoft.Extensions.DependencyInjection.OptionsConfigurationServiceCollectionExtensions.Configure``1(Microsoft.Extensions.DependencyInjection.IServiceCollection,Microsoft.Extensions.Configuration.IConfiguration)",,,,,"builder.Services.Configure<StorageOptions>(builder.Configuration.GetSection(""Storage""));"
Api.0001,对所选 .NET 版本二进制不兼容,Active,Mandatory,1,LabelPlus_Next.ApiServer\LabelPlus_Next.ApiServer.csproj,File,LabelPlus_Next.ApiServer\Program.cs,20,0,"M:Microsoft.Extensions.DependencyInjection.OptionsConfigurationServiceCollectionExtensions.Configure``1(Microsoft.Extensions.DependencyInjection.IServiceCollection,Microsoft.Extensions.Configuration.IConfiguration)",,,,,"builder.Services.Configure<JwtOptions>(builder.Configuration.GetSection(""Jwt""));"
NuGet.0002,建议升级 NuGet 包,Active,Potential,1,LabelPlus_Next\LabelPlus_Next.csproj,File,LabelPlus_Next\LabelPlus_Next.csproj,,,Microsoft.Extensions.DependencyInjection 9.0.8,,,,,"Microsoft.Extensions.DependencyInjection, 9.0.8  建议:  Remove Microsoft.Extensions.DependencyInjection, and replace with new package Microsoft.Extensions.DependencyInjection 10.0.3"
NuGet.0002,建议升级 NuGet 包,Active,Potential,1,LabelPlus_Next\LabelPlus_Next.csproj,File,LabelPlus_Next\LabelPlus_Next.csproj,,,System.Management 9.0.9,,,,,"System.Management, 9.0.9  建议:  Remove System.Management, and replace with new package System.Management 10.0.3"
NuGet.0002,建议升级 NuGet 包,Active,Potential,1,LabelPlus_Next\LabelPlus_Next.csproj,File,LabelPlus_Next\LabelPlus_Next.csproj,,,System.Security.Cryptography.ProtectedData 9.0.8,,,,,"System.Security.Cryptography.ProtectedData, 9.0.8  建议:  Remove System.Security.Cryptography.ProtectedData, and replace with new package System.Security.Cryptography.ProtectedData 10.0.3"
NuGet.0002,建议升级 NuGet 包,Active,Potential,1,LabelPlus_Next\LabelPlus_Next.csproj,File,LabelPlus_Next\LabelPlus_Next.csproj,,,Newtonsoft.Json 13.0.3,,,,,"Newtonsoft.Json, 13.0.3  建议:  Remove Newtonsoft.Json, and replace with new package Newtonsoft.Json 13.0.4"
Project.0002,需要更改项目的目标框架,Active,Mandatory,1,LabelPlus_Next\LabelPlus_Next.csproj,File,LabelPlus_Next\LabelPlus_Next.csproj,,,,,,,,当前目标框架: net9.0 建议的目标框架: net10.0
Api.0003,所选 .NET 版本中的行为变化,Active,Potential,1,LabelPlus_Next\LabelPlus_Next.csproj,File,LabelPlus_Next\Services\Api\FileSystemApi.cs,643,28,T:System.Net.Http.HttpContent,,,,,var oldBytes = await resp.Content.ReadAsByteArrayAsync(cancellationToken);
Api.0003,所选 .NET 版本中的行为变化,Active,Potential,1,LabelPlus_Next\LabelPlus_Next.csproj,File,LabelPlus_Next\Services\Api\FileSystemApi.cs,614,8,T:System.Net.Http.HttpContent,,,,,var text = await resp.Content.ReadAsStringAsync(cancellationToken);
Api.0003,所选 .NET 版本中的行为变化,Active,Potential,1,LabelPlus_Next\LabelPlus_Next.csproj,File,LabelPlus_Next\Services\Api\FileSystemApi.cs,611,8,T:System.Net.Http.HttpContent,,,,,req.Content = pcs;
Api.0003,所选 .NET 版本中的行为变化,Active,Potential,1,LabelPlus_Next\LabelPlus_Next.csproj,File,LabelPlus_Next\Services\Api\FileSystemApi.cs,514,8,T:System.Uri,,,,,"var encoded = string.Join('/', parts.Select(Uri.EscapeDataString));"
Api.0003,所选 .NET 版本中的行为变化,Active,Potential,1,LabelPlus_Next\LabelPlus_Next.csproj,File,LabelPlus_Next\Services\Api\FileSystemApi.cs,434,20,T:System.Net.Http.HttpContent,,,,,"await resp.Content.CopyToAsync(fsLocal, cancellationToken);"
Api.0003,所选 .NET 版本中的行为变化,Active,Potential,1,LabelPlus_Next\LabelPlus_Next.csproj,File,LabelPlus_Next\Services\Api\FileSystemApi.cs,218,28,T:System.Net.Http.HttpContent,,,,,var oldBytes = await resp.Content.ReadAsByteArrayAsync(cancellationToken);
Api.0003,所选 .NET 版本中的行为变化,Active,Potential,1,LabelPlus_Next\LabelPlus_Next.csproj,File,LabelPlus_Next\Services\Api\FileSystemApi.cs,172,28,T:System.Net.Http.HttpContent,,,,,oldBytes = await resp2.Content.ReadAsByteArrayAsync(cancellationToken);
Api.0003,所选 .NET 版本中的行为变化,Active,Potential,1,LabelPlus_Next\LabelPlus_Next.csproj,File,LabelPlus_Next\Services\Api\FileSystemApi.cs,164,28,T:System.Net.Http.HttpContent,,,,,oldBytes = await resp1.Content.ReadAsByteArrayAsync(cancellationToken);
Api.0003,所选 .NET 版本中的行为变化,Active,Potential,1,LabelPlus_Next\LabelPlus_Next.csproj,File,LabelPlus_Next\Services\Api\FileSystemApi.cs,39,8,T:System.Uri,,,,,"_http = new HttpClient(handler)          {              BaseAddress = new Uri(_baseUrl),              Timeout = Timeout.InfiniteTimeSpan          };"
Api.0003,所选 .NET 版本中的行为变化,Active,Potential,1,LabelPlus_Next\LabelPlus_Next.csproj,File,LabelPlus_Next\Services\Api\FileSystemApi.cs,39,8,M:System.Uri.#ctor(System.String),,,,,"_http = new HttpClient(handler)          {              BaseAddress = new Uri(_baseUrl),              Timeout = Timeout.InfiniteTimeSpan          };"
Api.0003,所选 .NET 版本中的行为变化,Active,Potential,1,LabelPlus_Next\LabelPlus_Next.csproj,File,LabelPlus_Next\Services\Api\FileSystemApi.cs,39,8,T:System.Uri,,,,,"_http = new HttpClient(handler)          {              BaseAddress = new Uri(_baseUrl),              Timeout = Timeout.InfiniteTimeSpan          };"
Api.0002,对所选 .NET 版本源代码不兼容,Active,Potential,1,LabelPlus_Next\LabelPlus_Next.csproj,File,LabelPlus_Next\Services\Api\FileSystemApi.cs,32,8,M:System.TimeSpan.FromMinutes(System.Int64),,,,,"var handler = new SocketsHttpHandler          {              AutomaticDecompression = DecompressionMethods.None,              PooledConnectionLifetime = TimeSpan.FromMinutes(10),              PooledConnectionIdleTimeout = TimeSpan.FromMinutes(2),              MaxConnectionsPerServer = 100          };"
Api.0002,对所选 .NET 版本源代码不兼容,Active,Potential,1,LabelPlus_Next\LabelPlus_Next.csproj,File,LabelPlus_Next\Services\Api\FileSystemApi.cs,32,8,M:System.TimeSpan.FromMinutes(System.Int64),,,,,"var handler = new SocketsHttpHandler          {              AutomaticDecompression = DecompressionMethods.None,              PooledConnectionLifetime = TimeSpan.FromMinutes(10),              PooledConnectionIdleTimeout = TimeSpan.FromMinutes(2),              MaxConnectionsPerServer = 100          };"
Api.0003,所选 .NET 版本中的行为变化,Active,Potential,1,LabelPlus_Next\LabelPlus_Next.csproj,File,LabelPlus_Next\Services\Api\FileSystemApi.cs,39,8,T:System.Uri,,,,,"_http = new HttpClient(handler)          {              BaseAddress = new Uri(_baseUrl),              Timeout = Timeout.InfiniteTimeSpan          };"
Api.0003,所选 .NET 版本中的行为变化,Active,Potential,1,LabelPlus_Next\LabelPlus_Next.csproj,File,LabelPlus_Next\Services\Api\FileSystemApi.cs,39,8,M:System.Uri.#ctor(System.String),,,,,"_http = new HttpClient(handler)          {              BaseAddress = new Uri(_baseUrl),              Timeout = Timeout.InfiniteTimeSpan          };"
Api.0003,所选 .NET 版本中的行为变化,Active,Potential,1,LabelPlus_Next\LabelPlus_Next.csproj,File,LabelPlus_Next\Services\Api\FileSystemApi.cs,39,8,T:System.Uri,,,,,"_http = new HttpClient(handler)          {              BaseAddress = new Uri(_baseUrl),              Timeout = Timeout.InfiniteTimeSpan          };"
Api.0002,对所选 .NET 版本源代码不兼容,Active,Potential,1,LabelPlus_Next\LabelPlus_Next.csproj,File,LabelPlus_Next\Services\Api\FileSystemApi.cs,32,8,M:System.TimeSpan.FromMinutes(System.Int64),,,,,"var handler = new SocketsHttpHandler          {              AutomaticDecompression = DecompressionMethods.None,              PooledConnectionLifetime = TimeSpan.FromMinutes(10),              PooledConnectionIdleTimeout = TimeSpan.FromMinutes(2),              MaxConnectionsPerServer = 100          };"
Api.0002,对所选 .NET 版本源代码不兼容,Active,Potential,1,LabelPlus_Next\LabelPlus_Next.csproj,File,LabelPlus_Next\Services\Api\FileSystemApi.cs,32,8,M:System.TimeSpan.FromMinutes(System.Int64),,,,,"var handler = new SocketsHttpHandler          {              AutomaticDecompression = DecompressionMethods.None,              PooledConnectionLifetime = TimeSpan.FromMinutes(10),              PooledConnectionIdleTimeout = TimeSpan.FromMinutes(2),              MaxConnectionsPerServer = 100          };"
Api.0002,对所选 .NET 版本源代码不兼容,Active,Potential,1,LabelPlus_Next\LabelPlus_Next.csproj,File,LabelPlus_Next\Services\Api\ProgressStreamContent.cs,60,12,"M:System.TimeSpan.FromMilliseconds(System.Int64,System.Int64)",,,,,"if (elapsed - lastReport >= TimeSpan.FromMilliseconds(200))              {                  _onProgress(uploaded, _totalLength, elapsed);                  lastReport = elapsed;              }"
Api.0003,所选 .NET 版本中的行为变化,Active,Potential,1,LabelPlus_Next\LabelPlus_Next.csproj,File,LabelPlus_Next\Services\Api\ProgressStreamContent.cs,11,46,T:System.Net.Http.HttpContent,,,,,HttpContent
Api.0003,所选 .NET 版本中的行为变化,Active,Potential,1,LabelPlus_Next\LabelPlus_Next.csproj,File,LabelPlus_Next\Services\AvaloniaFileDialogService.cs,229,4,T:System.Uri,,,,,private static string? ToLocalPath(Uri? uri)
Api.0003,所选 .NET 版本中的行为变化,Active,Potential,1,LabelPlus_Next\LabelPlus_Next.csproj,File,LabelPlus_Next\Services\AvaloniaFileDialogService.cs,129,8,T:System.Uri,,,,,return files.Select(f => ToLocalPath(f.Path)).Where(p => p != null).Select(p => p!).ToList();
Api.0003,所选 .NET 版本中的行为变化,Active,Potential,1,LabelPlus_Next\LabelPlus_Next.csproj,File,LabelPlus_Next\Services\AvaloniaFileDialogService.cs,107,8,T:System.Uri,,,,,return folders.Select(f => ToLocalPath(f.Path)).Where(p => p != null).Select(p => p!).ToList();
Api.0003,所选 .NET 版本中的行为变化,Active,Potential,1,LabelPlus_Next\LabelPlus_Next.csproj,File,LabelPlus_Next\Services\AvaloniaFileDialogService.cs,94,8,T:System.Uri,,,,,return ToLocalPath(folders[0].Path);
Api.0003,所选 .NET 版本中的行为变化,Active,Potential,1,LabelPlus_Next\LabelPlus_Next.csproj,File,LabelPlus_Next\Services\AvaloniaFileDialogService.cs,81,8,T:System.Uri,,,,,return ToLocalPath(saveFile?.Path);
Api.0003,所选 .NET 版本中的行为变化,Active,Potential,1,LabelPlus_Next\LabelPlus_Next.csproj,File,LabelPlus_Next\Services\AvaloniaFileDialogService.cs,66,8,T:System.Uri,,,,,return ToLocalPath(file.Path);
Api.0003,所选 .NET 版本中的行为变化,Active,Potential,1,LabelPlus_Next\LabelPlus_Next.csproj,File,LabelPlus_Next\Services\SettingsAndUpdateServices.cs,71,8,T:System.Net.Http.HttpContent,,,,,await using var s = await resp.Content.ReadAsStreamAsync(ct);
Api.0003,所选 .NET 版本中的行为变化,Active,Potential,1,LabelPlus_Next\LabelPlus_Next.csproj,File,LabelPlus_Next\Services\SettingsAndUpdateServices.cs,71,8,M:System.Net.Http.HttpContent.ReadAsStreamAsync(System.Threading.CancellationToken),,,,,await using var s = await resp.Content.ReadAsStreamAsync(ct);
Api.0003,所选 .NET 版本中的行为变化,Active,Potential,1,LabelPlus_Next\LabelPlus_Next.csproj,File,LabelPlus_Next\Services\SettingsAndUpdateServices.cs,60,8,T:System.Uri,,,,,"var uri = new Uri(new Uri(AppendSlash(upd.BaseUrl!)), upd.ManifestPath);"
Api.0003,所选 .NET 版本中的行为变化,Active,Potential,1,LabelPlus_Next\LabelPlus_Next.csproj,File,LabelPlus_Next\Services\SettingsAndUpdateServices.cs,60,8,M:System.Uri.#ctor(System.String),,,,,"var uri = new Uri(new Uri(AppendSlash(upd.BaseUrl!)), upd.ManifestPath);"
Api.0003,所选 .NET 版本中的行为变化,Active,Potential,1,LabelPlus_Next\LabelPlus_Next.csproj,File,LabelPlus_Next\Services\SettingsAndUpdateServices.cs,60,8,T:System.Uri,,,,,"var uri = new Uri(new Uri(AppendSlash(upd.BaseUrl!)), upd.ManifestPath);"
Api.0003,所选 .NET 版本中的行为变化,Active,Potential,1,LabelPlus_Next\LabelPlus_Next.csproj,File,LabelPlus_Next\Services\SettingsAndUpdateServices.cs,60,8,"M:System.Uri.#ctor(System.Uri,System.String)",,,,,"var uri = new Uri(new Uri(AppendSlash(upd.BaseUrl!)), upd.ManifestPath);"
Api.0002,对所选 .NET 版本源代码不兼容,Active,Potential,1,LabelPlus_Next\LabelPlus_Next.csproj,File,LabelPlus_Next\Services\DeeplinkAckHelper.cs,119,16,M:System.TimeSpan.FromMilliseconds(System.Double),,,,,backoff = TimeSpan.FromMilliseconds(backoff.TotalMilliseconds * 2);
Api.0003,所选 .NET 版本中的行为变化,Active,Potential,1,LabelPlus_Next\LabelPlus_Next.csproj,File,LabelPlus_Next\Services\DeeplinkAckHelper.cs,96,42,T:System.Net.Http.HttpContent,,,,,respBody2 = await resp2.Content.ReadAsStringAsync().ConfigureAwait(false);
Api.0003,所选 .NET 版本中的行为变化,Active,Potential,1,LabelPlus_Next\LabelPlus_Next.csproj,File,LabelPlus_Next\Services\DeeplinkAckHelper.cs,85,28,T:System.Net.Http.HttpContent,,,,,"using var req2 = new HttpRequestMessage(HttpMethod.Post, fallbackUrl) { Content = c2 };"
Api.0003,所选 .NET 版本中的行为变化,Active,Potential,1,LabelPlus_Next\LabelPlus_Next.csproj,File,LabelPlus_Next\Services\DeeplinkAckHelper.cs,82,28,T:System.Uri,,,,,var fallbackUrl = fb.Uri.ToString();
Api.0003,所选 .NET 版本中的行为变化,Active,Potential,1,LabelPlus_Next\LabelPlus_Next.csproj,File,LabelPlus_Next\Services\DeeplinkAckHelper.cs,74,24,T:System.Uri,,,,,"if (allowLocalHttpFallback && !triedHttpFallback && Uri.TryCreate(callbackUrl, UriKind.Absolute, out var parsed) &&                              string.Equals(parsed.Scheme, ""https"", StringComparison.OrdinalIgnoreCase) &&                              (string.Equals(parsed.Host, ""localhost"", StringComparison.OrdinalIgnoreCase) || parsed.Host == ""127.0.0.1"" || parsed.Host == ""::1""))                          {                              triedHttpFallback = true;                              var fb = new UriBuilder(parsed) { Scheme = ""http"" };                              // If original port was 443 and scheme changed to http, leave port unset so default is used                              if (parsed.Port == 443) fb.Port = -1;                              var fallbackUrl = fb.Uri.ToString();                              Logger.Info(""SSL error detected; attempting http:// fallback to {fb}"", fallbackUrl);                              using var c2 = new StringContent(payload, Encoding.UTF8, ""application/json"");                              using var req2 = new HttpRequestMessage(HttpMethod.Post, fallbackUrl) { Content = c2 };                              if (!string.IsNullOrWhiteSpace(authorizationHeader))                              {                                  try { req2.Headers.Authorization = AuthenticationHeaderValue.Parse(authorizationHeader); } catch { }                              }                              try                              {                                  var resp2 = await httpClient.SendAsync(req2).ConfigureAwait(false);                                  if (resp2.IsSuccessStatusCode)                                  {                                      var respBody2 = """";                                      try { respBody2 = await resp2.Content.ReadAsStringAsync().ConfigureAwait(false); } catch { }                                      Logger.Info(""Deeplink ack succeeded to {url} (fallback) status={status} body={bodyShort}"", fallbackUrl, (int)resp2.StatusCode, respBody2.Length > 200 ? respBody2.Substring(0, 200) + ""..."" : respBody2);                                      return true;                                  }                                  Logger.Warn(""Deeplink ack fallback to {fb} returned status {status}, will continue retrying"", fallbackUrl, (int)resp2.StatusCode);                              }                              catch (Exception fex)                              {                                  Logger.Warn(fex, ""Fallback http attempt to {fb} failed"", fallbackUrl);                              }                          }"
Api.0003,所选 .NET 版本中的行为变化,Active,Potential,1,LabelPlus_Next\LabelPlus_Next.csproj,File,LabelPlus_Next\Services\DeeplinkAckHelper.cs,74,24,"M:System.Uri.TryCreate(System.String,System.UriKind,System.Uri@)",,,,,"if (allowLocalHttpFallback && !triedHttpFallback && Uri.TryCreate(callbackUrl, UriKind.Absolute, out var parsed) &&                              string.Equals(parsed.Scheme, ""https"", StringComparison.OrdinalIgnoreCase) &&                              (string.Equals(parsed.Host, ""localhost"", StringComparison.OrdinalIgnoreCase) || parsed.Host == ""127.0.0.1"" || parsed.Host == ""::1""))                          {                              triedHttpFallback = true;                              var fb = new UriBuilder(parsed) { Scheme = ""http"" };                              // If original port was 443 and scheme changed to http, leave port unset so default is used                              if (parsed.Port == 443) fb.Port = -1;                              var fallbackUrl = fb.Uri.ToString();                              Logger.Info(""SSL error detected; attempting http:// fallback to {fb}"", fallbackUrl);                              using var c2 = new StringContent(payload, Encoding.UTF8, ""application/json"");                              using var req2 = new HttpRequestMessage(HttpMethod.Post, fallbackUrl) { Content = c2 };                              if (!string.IsNullOrWhiteSpace(authorizationHeader))                              {                                  try { req2.Headers.Authorization = AuthenticationHeaderValue.Parse(authorizationHeader); } catch { }                              }                              try                              {                                  var resp2 = await httpClient.SendAsync(req2).ConfigureAwait(false);                                  if (resp2.IsSuccessStatusCode)                                  {                                      var respBody2 = """";                                      try { respBody2 = await resp2.Content.ReadAsStringAsync().ConfigureAwait(false); } catch { }                                      Logger.Info(""Deeplink ack succeeded to {url} (fallback) status={status} body={bodyShort}"", fallbackUrl, (int)resp2.StatusCode, respBody2.Length > 200 ? respBody2.Substring(0, 200) + ""..."" : respBody2);                                      return true;                                  }                                  Logger.Warn(""Deeplink ack fallback to {fb} returned status {status}, will continue retrying"", fallbackUrl, (int)resp2.StatusCode);                              }                              catch (Exception fex)                              {                                  Logger.Warn(fex, ""Fallback http attempt to {fb} failed"", fallbackUrl);                              }                          }"
Api.0003,所选 .NET 版本中的行为变化,Active,Potential,1,LabelPlus_Next\LabelPlus_Next.csproj,File,LabelPlus_Next\Services\DeeplinkAckHelper.cs,55,26,T:System.Net.Http.HttpContent,,,,,respBody = await resp.Content.ReadAsStringAsync().ConfigureAwait(false);
Api.0003,所选 .NET 版本中的行为变化,Active,Potential,1,LabelPlus_Next\LabelPlus_Next.csproj,File,LabelPlus_Next\Services\DeeplinkAckHelper.cs,47,20,T:System.Net.Http.HttpContent,,,,,"using var req = new HttpRequestMessage(HttpMethod.Post, callbackUrl) { Content = c };"
Api.0002,对所选 .NET 版本源代码不兼容,Active,Potential,1,LabelPlus_Next\LabelPlus_Next.csproj,File,LabelPlus_Next\ViewModels\MainProjectsViewModel.cs,467,24,M:System.TimeSpan.FromHours(System.Int32),,,,,if ((now - dt) < TimeSpan.FromHours(3)) candidates.Add(f);
Api.0003,所选 .NET 版本中的行为变化,Active,Potential,1,LabelPlus_Next\LabelPlus_Next.csproj,File,LabelPlus_Next\ViewModels\SettingsViewModel.cs,1123,16,T:System.Text.Json.JsonDocument,,,,,using var doc = JsonDocument.Parse(fs);
Api.0003,所选 .NET 版本中的行为变化,Active,Potential,1,LabelPlus_Next\LabelPlus_Next.csproj,File,LabelPlus_Next\ViewModels\SettingsViewModel.cs,1123,16,T:System.Text.Json.JsonDocument,,,,,using var doc = JsonDocument.Parse(fs);
Api.0003,所选 .NET 版本中的行为变化,Active,Potential,1,LabelPlus_Next\LabelPlus_Next.csproj,File,LabelPlus_Next\ViewModels\SettingsViewModel.cs,1031,12,T:System.Text.Json.JsonDocument,,,,,using var doc = JsonDocument.Parse(fs);
Api.0003,所选 .NET 版本中的行为变化,Active,Potential,1,LabelPlus_Next\LabelPlus_Next.csproj,File,LabelPlus_Next\ViewModels\SettingsViewModel.cs,1031,12,T:System.Text.Json.JsonDocument,,,,,using var doc = JsonDocument.Parse(fs);
Api.0003,所选 .NET 版本中的行为变化,Active,Potential,1,LabelPlus_Next\LabelPlus_Next.csproj,File,LabelPlus_Next\ViewModels\SettingsViewModel.cs,1009,76,P:System.Uri.AbsolutePath,,,,,filePath = abs.AbsolutePath;
Api.0003,所选 .NET 版本中的行为变化,Active,Potential,1,LabelPlus_Next\LabelPlus_Next.csproj,File,LabelPlus_Next\ViewModels\SettingsViewModel.cs,1009,12,T:System.Uri,,,,,"if (Uri.TryCreate(ManifestPath, UriKind.Absolute, out var abs)) filePath = abs.AbsolutePath;             else filePath = ManifestPath!.StartsWith('/') ? ManifestPath! : ""/"" + ManifestPath!;"
Api.0003,所选 .NET 版本中的行为变化,Active,Potential,1,LabelPlus_Next\LabelPlus_Next.csproj,File,LabelPlus_Next\ViewModels\SettingsViewModel.cs,1009,12,"M:System.Uri.TryCreate(System.String,System.UriKind,System.Uri@)",,,,,"if (Uri.TryCreate(ManifestPath, UriKind.Absolute, out var abs)) filePath = abs.AbsolutePath;             else filePath = ManifestPath!.StartsWith('/') ? ManifestPath! : ""/"" + ManifestPath!;"
Api.0003,所选 .NET 版本中的行为变化,Active,Potential,1,LabelPlus_Next\LabelPlus_Next.csproj,File,LabelPlus_Next\ViewModels\SettingsViewModel.cs,959,12,T:System.Net.Http.HttpContent,,,,,await using var stream = await resp.Content.ReadAsStreamAsync();
Api.0003,所选 .NET 版本中的行为变化,Active,Potential,1,LabelPlus_Next\LabelPlus_Next.csproj,File,LabelPlus_Next\ViewModels\SettingsViewModel.cs,959,12,M:System.Net.Http.HttpContent.ReadAsStreamAsync,,,,,await using var stream = await resp.Content.ReadAsStreamAsync();
Api.0003,所选 .NET 版本中的行为变化,Active,Potential,1,LabelPlus_Next\LabelPlus_Next.csproj,File,LabelPlus_Next\ViewModels\SettingsViewModel.cs,958,12,T:System.Net.Http.HttpContent,,,,,var total = resp.Content.Headers.ContentLength;
Api.0003,所选 .NET 版本中的行为变化,Active,Potential,1,LabelPlus_Next\LabelPlus_Next.csproj,File,LabelPlus_Next\ViewModels\SettingsViewModel.cs,933,16,T:System.Uri,,,,,var host = new Uri(url).Host.ToLowerInvariant();
Api.0003,所选 .NET 版本中的行为变化,Active,Potential,1,LabelPlus_Next\LabelPlus_Next.csproj,File,LabelPlus_Next\ViewModels\SettingsViewModel.cs,933,16,M:System.Uri.#ctor(System.String),,,,,var host = new Uri(url).Host.ToLowerInvariant();
Api.0002,对所选 .NET 版本源代码不兼容,Active,Potential,1,LabelPlus_Next\LabelPlus_Next.csproj,File,LabelPlus_Next\ViewModels\SettingsViewModel.cs,924,12,M:System.TimeSpan.FromMinutes(System.Int64),,,,,using var http = new HttpClient(handler)             {                 Timeout = TimeSpan.FromMinutes(5)             };
Api.0003,所选 .NET 版本中的行为变化,Active,Potential,1,LabelPlus_Next\LabelPlus_Next.csproj,File,LabelPlus_Next\ViewModels\SettingsViewModel.cs,862,16,T:System.Uri,,,,,var host = new Uri(url).Host.ToLowerInvariant();
Api.0003,所选 .NET 版本中的行为变化,Active,Potential,1,LabelPlus_Next\LabelPlus_Next.csproj,File,LabelPlus_Next\ViewModels\SettingsViewModel.cs,862,16,M:System.Uri.#ctor(System.String),,,,,var host = new Uri(url).Host.ToLowerInvariant();
Api.0003,所选 .NET 版本中的行为变化,Active,Potential,1,LabelPlus_Next\LabelPlus_Next.csproj,File,LabelPlus_Next\ViewModels\SettingsViewModel.cs,803,12,P:System.Uri.AbsolutePath,,,,,"var segments = u.AbsolutePath.Split('/', StringSplitOptions.RemoveEmptyEntries);"
Api.0003,所选 .NET 版本中的行为变化,Active,Potential,1,LabelPlus_Next\LabelPlus_Next.csproj,File,LabelPlus_Next\ViewModels\SettingsViewModel.cs,802,12,T:System.Uri,,,,,var u = new Uri(url);
Api.0003,所选 .NET 版本中的行为变化,Active,Potential,1,LabelPlus_Next\LabelPlus_Next.csproj,File,LabelPlus_Next\ViewModels\SettingsViewModel.cs,802,12,M:System.Uri.#ctor(System.String),,,,,var u = new Uri(url);
Api.0003,所选 .NET 版本中的行为变化,Active,Potential,1,LabelPlus_Next\LabelPlus_Next.csproj,File,LabelPlus_Next\ViewModels\SettingsViewModel.cs,746,16,T:System.Uri,,,,,var host = new Uri(url).Host.ToLowerInvariant();
Api.0003,所选 .NET 版本中的行为变化,Active,Potential,1,LabelPlus_Next\LabelPlus_Next.csproj,File,LabelPlus_Next\ViewModels\SettingsViewModel.cs,746,16,M:System.Uri.#ctor(System.String),,,,,var host = new Uri(url).Host.ToLowerInvariant();
Api.0003,所选 .NET 版本中的行为变化,Active,Potential,1,LabelPlus_Next\LabelPlus_Next.csproj,File,LabelPlus_Next\ViewModels\SettingsViewModel.cs,682,40,T:System.Uri,,,,,var h = new Uri(raw!).Host.ToLowerInvariant();
Api.0003,所选 .NET 版本中的行为变化,Active,Potential,1,LabelPlus_Next\LabelPlus_Next.csproj,File,LabelPlus_Next\ViewModels\SettingsViewModel.cs,682,40,M:System.Uri.#ctor(System.String),,,,,var h = new Uri(raw!).Host.ToLowerInvariant();
Api.0003,所选 .NET 版本中的行为变化,Active,Potential,1,LabelPlus_Next\LabelPlus_Next.csproj,File,LabelPlus_Next\ViewModels\SettingsViewModel.cs,672,32,T:System.Uri,,,,,"var raw = !string.IsNullOrWhiteSpace(meta.Data.RawUrl)                                     ? meta.Data.RawUrl!                                     : string.IsNullOrWhiteSpace(meta.Data.Sign)                                         ? null                                         : BaseUrl!.TrimEnd('/') + ""/d/"" + Uri.EscapeDataString(meta.Data.Sign!);"
Api.0003,所选 .NET 版本中的行为变化,Active,Potential,1,LabelPlus_Next\LabelPlus_Next.csproj,File,LabelPlus_Next\ViewModels\SettingsViewModel.cs,661,24,T:System.Uri,,,,,after = Uri.UnescapeDataString(after);
Api.0003,所选 .NET 版本中的行为变化,Active,Potential,1,LabelPlus_Next\LabelPlus_Next.csproj,File,LabelPlus_Next\ViewModels\SettingsViewModel.cs,655,20,P:System.Uri.AbsolutePath,,,,,var path = u.AbsolutePath;
Api.0003,所选 .NET 版本中的行为变化,Active,Potential,1,LabelPlus_Next\LabelPlus_Next.csproj,File,LabelPlus_Next\ViewModels\SettingsViewModel.cs,654,20,T:System.Uri,,,,,var u = new Uri(url);
Api.0003,所选 .NET 版本中的行为变化,Active,Potential,1,LabelPlus_Next\LabelPlus_Next.csproj,File,LabelPlus_Next\ViewModels\SettingsViewModel.cs,654,20,M:System.Uri.#ctor(System.String),,,,,var u = new Uri(url);
Api.0003,所选 .NET 版本中的行为变化,Active,Potential,1,LabelPlus_Next\LabelPlus_Next.csproj,File,LabelPlus_Next\ViewModels\SettingsViewModel.cs,602,36,T:System.Uri,,,,,var h = new Uri(raw!).Host.ToLowerInvariant();
Api.0003,所选 .NET 版本中的行为变化,Active,Potential,1,LabelPlus_Next\LabelPlus_Next.csproj,File,LabelPlus_Next\ViewModels\SettingsViewModel.cs,602,36,M:System.Uri.#ctor(System.String),,,,,var h = new Uri(raw!).Host.ToLowerInvariant();
Api.0003,所选 .NET 版本中的行为变化,Active,Potential,1,LabelPlus_Next\LabelPlus_Next.csproj,File,LabelPlus_Next\ViewModels\SettingsViewModel.cs,592,28,T:System.Uri,,,,,"var raw = !string.IsNullOrWhiteSpace(meta.Data.RawUrl)                                 ? meta.Data.RawUrl!                                 : string.IsNullOrWhiteSpace(meta.Data.Sign)                                     ? null                                     : BaseUrl!.TrimEnd('/') + ""/d/"" + Uri.EscapeDataString(meta.Data.Sign!);"
Api.0003,所选 .NET 版本中的行为变化,Active,Potential,1,LabelPlus_Next\LabelPlus_Next.csproj,File,LabelPlus_Next\ViewModels\SettingsViewModel.cs,257,16,T:System.Text.Json.JsonDocument,,,,,using var doc = JsonDocument.Parse(json);
Api.0003,所选 .NET 版本中的行为变化,Active,Potential,1,LabelPlus_Next\LabelPlus_Next.csproj,File,LabelPlus_Next\ViewModels\SettingsViewModel.cs,257,16,T:System.Text.Json.JsonDocument,,,,,using var doc = JsonDocument.Parse(json);
Api.0003,所选 .NET 版本中的行为变化,Active,Potential,1,LabelPlus_Next\LabelPlus_Next.csproj,File,LabelPlus_Next\ViewModels\SettingsViewModel.cs,226,16,P:System.Uri.AbsolutePath,,,,,filePath = abs.AbsolutePath;
Api.0003,所选 .NET 版本中的行为变化,Active,Potential,1,LabelPlus_Next\LabelPlus_Next.csproj,File,LabelPlus_Next\ViewModels\SettingsViewModel.cs,225,12,T:System.Uri,,,,,"if (Uri.TryCreate(ManifestPath, UriKind.Absolute, out var abs))                 filePath = abs.AbsolutePath;             else             {                 var p = ManifestPath!.Replace('\\', '/');                 filePath = p.StartsWith('/') ? p : ""/"" + p;             }"
Api.0003,所选 .NET 版本中的行为变化,Active,Potential,1,LabelPlus_Next\LabelPlus_Next.csproj,File,LabelPlus_Next\ViewModels\SettingsViewModel.cs,225,12,"M:System.Uri.TryCreate(System.String,System.UriKind,System.Uri@)",,,,,"if (Uri.TryCreate(ManifestPath, UriKind.Absolute, out var abs))                 filePath = abs.AbsolutePath;             else             {                 var p = ManifestPath!.Replace('\\', '/');                 filePath = p.StartsWith('/') ? p : ""/"" + p;             }"
Api.0003,所选 .NET 版本中的行为变化,Active,Potential,1,LabelPlus_Next\LabelPlus_Next.csproj,File,LabelPlus_Next\ViewModels\TeamWorkViewModel.cs,138,12,T:System.Text.Json.JsonDocument,,,,,"using (var doc = JsonDocument.Parse(txt))              {                  if (doc.RootElement.TryGetProperty(""projects"", out var projects) && projects.ValueKind == JsonValueKind.Object)                  {                      foreach (var p in projects.EnumerateObject())                      {                          map[p.Name] = p.Value.GetString() ?? string.Empty;                      }                  }              }"
Api.0003,所选 .NET 版本中的行为变化,Active,Potential,1,LabelPlus_Next\LabelPlus_Next.csproj,File,LabelPlus_Next\ViewModels\TeamWorkViewModel.cs,138,12,T:System.Text.Json.JsonDocument,,,,,"using (var doc = JsonDocument.Parse(txt))              {                  if (doc.RootElement.TryGetProperty(""projects"", out var projects) && projects.ValueKind == JsonValueKind.Object)                  {                      foreach (var p in projects.EnumerateObject())                      {                          map[p.Name] = p.Value.GetString() ?? string.Empty;                      }                  }              }"
Api.0003,所选 .NET 版本中的行为变化,Active,Potential,1,LabelPlus_Next\LabelPlus_Next.csproj,File,LabelPlus_Next\ViewModels\UploadViewModel.cs,1007,20,T:System.Text.Json.JsonDocument,,,,,using var doc = JsonDocument.Parse(Encoding.UTF8.GetString(agg.Content).TrimStart('\uFEFF'));
Api.0003,所选 .NET 版本中的行为变化,Active,Potential,1,LabelPlus_Next\LabelPlus_Next.csproj,File,LabelPlus_Next\ViewModels\UploadViewModel.cs,1007,20,T:System.Text.Json.JsonDocument,,,,,using var doc = JsonDocument.Parse(Encoding.UTF8.GetString(agg.Content).TrimStart('\uFEFF'));
Api.0003,所选 .NET 版本中的行为变化,Active,Potential,1,LabelPlus_Next\LabelPlus_Next.csproj,File,LabelPlus_Next\ViewModels\UploadViewModel.cs,789,12,T:System.Text.Json.JsonDocument,,,,,using var doc = JsonDocument.Parse(json);
Api.0003,所选 .NET 版本中的行为变化,Active,Potential,1,LabelPlus_Next\LabelPlus_Next.csproj,File,LabelPlus_Next\ViewModels\UploadViewModel.cs,789,12,T:System.Text.Json.JsonDocument,,,,,using var doc = JsonDocument.Parse(json);
Api.0003,所选 .NET 版本中的行为变化,Active,Potential,1,LabelPlus_Next\LabelPlus_Next.csproj,File,LabelPlus_Next\ViewModels\UploadViewModel.cs,480,20,T:System.Text.Json.JsonDocument,,,,,using var doc = JsonDocument.Parse(json);
Api.0003,所选 .NET 版本中的行为变化,Active,Potential,1,LabelPlus_Next\LabelPlus_Next.csproj,File,LabelPlus_Next\ViewModels\UploadViewModel.cs,480,20,T:System.Text.Json.JsonDocument,,,,,using var doc = JsonDocument.Parse(json);
Api.0003,所选 .NET 版本中的行为变化,Active,Potential,1,LabelPlus_Next\LabelPlus_Next.csproj,File,LabelPlus_Next\Models\LabelFileWriter.cs,15,12,T:System.Uri,,,,,path = Uri.UnescapeDataString(path);
Api.0003,所选 .NET 版本中的行为变化,Active,Potential,1,LabelPlus_Next\LabelPlus_Next.csproj,File,LabelPlus_Next\Models\LabelFileReader.cs,14,8,T:System.Uri,,,,,var decodedPath = Uri.UnescapeDataString(path);
Api.0003,所选 .NET 版本中的行为变化,Active,Potential,1,LabelPlus_Next\LabelPlus_Next.csproj,File,LabelPlus_Next\Views\Pages\AboutWindow.axaml.cs,28,16,T:System.Text.Json.JsonDocument,,,,,using var doc = JsonDocument.Parse(fs);
Api.0003,所选 .NET 版本中的行为变化,Active,Potential,1,LabelPlus_Next\LabelPlus_Next.csproj,File,LabelPlus_Next\Views\Pages\AboutWindow.axaml.cs,28,16,T:System.Text.Json.JsonDocument,,,,,using var doc = JsonDocument.Parse(fs);
Api.0002,对所选 .NET 版本源代码不兼容,Active,Potential,1,LabelPlus_Next\LabelPlus_Next.csproj,File,LabelPlus_Next\Views\MainWindow.axaml.cs,148,16,T:System.Security.Cryptography.DataProtectionScope,,,,,"var enc = System.Security.Cryptography.ProtectedData.Protect(data, null, System.Security.Cryptography.DataProtectionScope.CurrentUser);"
Api.0002,对所选 .NET 版本源代码不兼容,Active,Potential,1,LabelPlus_Next\LabelPlus_Next.csproj,File,LabelPlus_Next\Views\MainWindow.axaml.cs,148,16,T:System.Security.Cryptography.DataProtectionScope,,,,,"var enc = System.Security.Cryptography.ProtectedData.Protect(data, null, System.Security.Cryptography.DataProtectionScope.CurrentUser);"
Api.0002,对所选 .NET 版本源代码不兼容,Active,Potential,1,LabelPlus_Next\LabelPlus_Next.csproj,File,LabelPlus_Next\Views\MainWindow.axaml.cs,148,16,F:System.Security.Cryptography.DataProtectionScope.CurrentUser,,,,,"var enc = System.Security.Cryptography.ProtectedData.Protect(data, null, System.Security.Cryptography.DataProtectionScope.CurrentUser);"
Api.0002,对所选 .NET 版本源代码不兼容,Active,Potential,1,LabelPlus_Next\LabelPlus_Next.csproj,File,LabelPlus_Next\Views\MainWindow.axaml.cs,148,16,T:System.Security.Cryptography.ProtectedData,,,,,"var enc = System.Security.Cryptography.ProtectedData.Protect(data, null, System.Security.Cryptography.DataProtectionScope.CurrentUser);"
Api.0002,对所选 .NET 版本源代码不兼容,Active,Potential,1,LabelPlus_Next\LabelPlus_Next.csproj,File,LabelPlus_Next\Views\MainWindow.axaml.cs,148,16,"M:System.Security.Cryptography.ProtectedData.Protect(System.Byte[],System.Byte[],System.Security.Cryptography.DataProtectionScope)",,,,,"var enc = System.Security.Cryptography.ProtectedData.Protect(data, null, System.Security.Cryptography.DataProtectionScope.CurrentUser);"
Api.0002,对所选 .NET 版本源代码不兼容,Active,Potential,1,LabelPlus_Next\LabelPlus_Next.csproj,File,LabelPlus_Next\Views\MainWindow.axaml.cs,93,16,T:System.Security.Cryptography.DataProtectionScope,,,,,"var data = System.Security.Cryptography.ProtectedData.Unprotect(enc, null, System.Security.Cryptography.DataProtectionScope.CurrentUser);"
Api.0002,对所选 .NET 版本源代码不兼容,Active,Potential,1,LabelPlus_Next\LabelPlus_Next.csproj,File,LabelPlus_Next\Views\MainWindow.axaml.cs,93,16,T:System.Security.Cryptography.DataProtectionScope,,,,,"var data = System.Security.Cryptography.ProtectedData.Unprotect(enc, null, System.Security.Cryptography.DataProtectionScope.CurrentUser);"
Api.0002,对所选 .NET 版本源代码不兼容,Active,Potential,1,LabelPlus_Next\LabelPlus_Next.csproj,File,LabelPlus_Next\Views\MainWindow.axaml.cs,93,16,F:System.Security.Cryptography.DataProtectionScope.CurrentUser,,,,,"var data = System.Security.Cryptography.ProtectedData.Unprotect(enc, null, System.Security.Cryptography.DataProtectionScope.CurrentUser);"
Api.0002,对所选 .NET 版本源代码不兼容,Active,Potential,1,LabelPlus_Next\LabelPlus_Next.csproj,File,LabelPlus_Next\Views\MainWindow.axaml.cs,93,16,T:System.Security.Cryptography.ProtectedData,,,,,"var data = System.Security.Cryptography.ProtectedData.Unprotect(enc, null, System.Security.Cryptography.DataProtectionScope.CurrentUser);"
Api.0002,对所选 .NET 版本源代码不兼容,Active,Potential,1,LabelPlus_Next\LabelPlus_Next.csproj,File,LabelPlus_Next\Views\MainWindow.axaml.cs,93,16,"M:System.Security.Cryptography.ProtectedData.Unprotect(System.Byte[],System.Byte[],System.Security.Cryptography.DataProtectionScope)",,,,,"var data = System.Security.Cryptography.ProtectedData.Unprotect(enc, null, System.Security.Cryptography.DataProtectionScope.CurrentUser);"
Api.0002,对所选 .NET 版本源代码不兼容,Active,Potential,1,LabelPlus_Next\LabelPlus_Next.csproj,File,LabelPlus_Next\App.axaml.cs,1221,16,M:System.TimeSpan.FromMilliseconds(System.Double),,,,,backoff = TimeSpan.FromMilliseconds(backoff.TotalMilliseconds * 2);
Api.0002,对所选 .NET 版本源代码不兼容,Active,Potential,1,LabelPlus_Next\LabelPlus_Next.csproj,File,LabelPlus_Next\App.axaml.cs,1196,12,"M:System.TimeSpan.FromMilliseconds(System.Int64,System.Int64)",,,,,var backoff = TimeSpan.FromMilliseconds(500);
Api.0002,对所选 .NET 版本源代码不兼容,Active,Potential,1,LabelPlus_Next\LabelPlus_Next.csproj,File,LabelPlus_Next\App.axaml.cs,1187,12,M:System.TimeSpan.FromSeconds(System.Int64),,,,,using var client = new HttpClient { Timeout = TimeSpan.FromSeconds(8) };
Api.0003,所选 .NET 版本中的行为变化,Active,Potential,1,LabelPlus_Next\LabelPlus_Next.csproj,File,LabelPlus_Next\App.axaml.cs,1134,18,T:System.Uri,,,,,uri = new Uri(uriArg);
Api.0003,所选 .NET 版本中的行为变化,Active,Potential,1,LabelPlus_Next\LabelPlus_Next.csproj,File,LabelPlus_Next\App.axaml.cs,1134,18,M:System.Uri.#ctor(System.String),,,,,uri = new Uri(uriArg);
Api.0003,所选 .NET 版本中的行为变化,Active,Potential,1,LabelPlus_Next\LabelPlus_Next.csproj,File,LabelPlus_Next\App.axaml.cs,1108,4,T:System.Uri,,,,,"private static string? GetQueryValue(Uri uri, string key)"
Api.0003,所选 .NET 版本中的行为变化,Active,Potential,1,LabelPlus_Next\LabelPlus_Next.csproj,File,LabelPlus_Next\App.axaml.cs,1121,12,T:System.Uri,,,,,var v = Uri.UnescapeDataString(p[(idx + 1)..]);
Api.0003,所选 .NET 版本中的行为变化,Active,Potential,1,LabelPlus_Next\LabelPlus_Next.csproj,File,LabelPlus_Next\App.axaml.cs,1119,12,T:System.Uri,,,,,var k = Uri.UnescapeDataString(p[..idx]);
Api.0003,所选 .NET 版本中的行为变化,Active,Potential,1,LabelPlus_Next\LabelPlus_Next.csproj,File,LabelPlus_Next\App.axaml.cs,930,12,T:System.Uri,,,,,var uri = new Uri(uriArg);
Api.0003,所选 .NET 版本中的行为变化,Active,Potential,1,LabelPlus_Next\LabelPlus_Next.csproj,File,LabelPlus_Next\App.axaml.cs,930,12,M:System.Uri.#ctor(System.String),,,,,var uri = new Uri(uriArg);
Api.0003,所选 .NET 版本中的行为变化,Active,Potential,1,LabelPlus_Next\LabelPlus_Next.csproj,File,LabelPlus_Next\App.axaml.cs,128,20,T:System.Uri,,,,,var u = new Uri(uriArg);
Api.0003,所选 .NET 版本中的行为变化,Active,Potential,1,LabelPlus_Next\LabelPlus_Next.csproj,File,LabelPlus_Next\App.axaml.cs,128,20,M:System.Uri.#ctor(System.String),,,,,var u = new Uri(uriArg);
Api.0002,对所选 .NET 版本源代码不兼容,Active,Potential,1,LabelPlus_Next\LabelPlus_Next.csproj,File,LabelPlus_Next\App.axaml.cs,73,18,M:System.TimeSpan.FromSeconds(System.Int64),,,,,LogManager.Flush(TimeSpan.FromSeconds(2));
Project.0002,需要更改项目的目标框架,Active,Mandatory,1,LabelPlus_Next.Desktop\LabelPlus_Next.Desktop.csproj,File,LabelPlus_Next.Desktop\LabelPlus_Next.Desktop.csproj,,,,,,,,当前目标框架: net9.0 建议的目标框架: net10.0-windows
NuGet.0002,建议升级 NuGet 包,Active,Potential,1,LabelPlus_Next.Test\LabelPlus_Next.Test.csproj,File,LabelPlus_Next.Test\LabelPlus_Next.Test.csproj,,,Newtonsoft.Json 13.0.3,,,,,"Newtonsoft.Json, 13.0.3  建议:  Remove Newtonsoft.Json, and replace with new package Newtonsoft.Json 13.0.4"
Project.0002,需要更改项目的目标框架,Active,Mandatory,1,LabelPlus_Next.Test\LabelPlus_Next.Test.csproj,File,LabelPlus_Next.Test\LabelPlus_Next.Test.csproj,,,,,,,,当前目标框架: net9.0 建议的目标框架: net10.0
Project.0002,需要更改项目的目标框架,Active,Mandatory,1,LabelPlus_Next.Tools\LabelPlus_Next.Tools.csproj,File,LabelPlus_Next.Tools\LabelPlus_Next.Tools.csproj,,,,,,,,当前目标框架: net9.0 建议的目标框架: net10.0-windows
Api.0003,所选 .NET 版本中的行为变化,Active,Potential,1,LabelPlus_Next.Tools\LabelPlus_Next.Tools.csproj,File,LabelPlus_Next.Tools\Views\PackWindow.axaml.cs,35,8,T:System.Uri,,,,,await vm.SetFolderAsync(folder.Path.LocalPath);
Api.0003,所选 .NET 版本中的行为变化,Active,Potential,1,LabelPlus_Next.Tools\LabelPlus_Next.Tools.csproj,File,LabelPlus_Next.Tools\Views\PackWindow.axaml.cs,34,8,T:System.Uri,,,,,if (folder?.Path is null) return;
Api.0003,所选 .NET 版本中的行为变化,Active,Potential,1,LabelPlus_Next.Tools\LabelPlus_Next.Tools.csproj,File,LabelPlus_Next.Tools\Views\MainWindow.axaml.cs,105,8,T:System.Uri,,,,,var paths = files.Where(f => f.Path is not null).Select(f => f.Path!.LocalPath).ToList();
Api.0003,所选 .NET 版本中的行为变化,Active,Potential,1,LabelPlus_Next.Tools\LabelPlus_Next.Tools.csproj,File,LabelPlus_Next.Tools\Views\MainWindow.axaml.cs,105,8,T:System.Uri,,,,,var paths = files.Where(f => f.Path is not null).Select(f => f.Path!.LocalPath).ToList();
Api.0003,所选 .NET 版本中的行为变化,Active,Potential,1,LabelPlus_Next.Tools\LabelPlus_Next.Tools.csproj,File,LabelPlus_Next.Tools\Views\MainWindow.axaml.cs,84,16,T:System.Uri,,,,,paths.Add(f.Path.LocalPath);
Api.0003,所选 .NET 版本中的行为变化,Active,Potential,1,LabelPlus_Next.Tools\LabelPlus_Next.Tools.csproj,File,LabelPlus_Next.Tools\Views\MainWindow.axaml.cs,82,12,T:System.Uri,,,,,if (f.Path is not null)              {                  paths.Add(f.Path.LocalPath);              }
Api.0003,所选 .NET 版本中的行为变化,Active,Potential,1,LabelPlus_Next.Tools\LabelPlus_Next.Tools.csproj,File,LabelPlus_Next.Tools\Views\MainWindow.axaml.cs,57,16,T:System.Uri,,,,,paths.Add(f.Path.LocalPath);
Api.0003,所选 .NET 版本中的行为变化,Active,Potential,1,LabelPlus_Next.Tools\LabelPlus_Next.Tools.csproj,File,LabelPlus_Next.Tools\Views\MainWindow.axaml.cs,55,12,T:System.Uri,,,,,if (f.Path is not null)              {                  paths.Add(f.Path.LocalPath);              }
Api.0003,所选 .NET 版本中的行为变化,Active,Potential,1,LabelPlus_Next.Tools\LabelPlus_Next.Tools.csproj,File,LabelPlus_Next.Tools\Views\PackTabView.axaml.cs,49,8,T:System.Uri,,,,,vm.SolutionPath = file.Path.LocalPath;
Api.0003,所选 .NET 版本中的行为变化,Active,Potential,1,LabelPlus_Next.Tools\LabelPlus_Next.Tools.csproj,File,LabelPlus_Next.Tools\Views\PackTabView.axaml.cs,48,8,T:System.Uri,,,,,if (file?.Path is null) return;
Api.0003,所选 .NET 版本中的行为变化,Active,Potential,1,LabelPlus_Next.Tools\LabelPlus_Next.Tools.csproj,File,LabelPlus_Next.Tools\Views\PackTabView.axaml.cs,33,8,T:System.Uri,,,,,await vm.SetFolderAsync(folder.Path.LocalPath);
Api.0003,所选 .NET 版本中的行为变化,Active,Potential,1,LabelPlus_Next.Tools\LabelPlus_Next.Tools.csproj,File,LabelPlus_Next.Tools\Views\PackTabView.axaml.cs,32,8,T:System.Uri,,,,,if (folder?.Path is null) return;
Api.0003,所选 .NET 版本中的行为变化,Active,Potential,1,LabelPlus_Next.Tools\LabelPlus_Next.Tools.csproj,File,LabelPlus_Next.Tools\ViewModels\PackWindowViewModel.cs,988,12,T:System.Text.Json.JsonDocument,,,,,using var doc = JsonDocument.Parse(fs);
Api.0003,所选 .NET 版本中的行为变化,Active,Potential,1,LabelPlus_Next.Tools\LabelPlus_Next.Tools.csproj,File,LabelPlus_Next.Tools\ViewModels\PackWindowViewModel.cs,988,12,T:System.Text.Json.JsonDocument,,,,,using var doc = JsonDocument.Parse(fs);
Api.0002,对所选 .NET 版本源代码不兼容,Active,Potential,1,LabelPlus_Next.Tools\LabelPlus_Next.Tools.csproj,File,LabelPlus_Next.Tools\ViewModels\PackWindowViewModel.cs,954,8,M:System.IO.Path.Combine(System.ReadOnlySpan{System.String}),,,,,"return Path.Combine(projDir, ""bin"", ""Release"", ""net9.0"", rid, ""publish"");"
Api.0002,对所选 .NET 版本源代码不兼容,Active,Potential,1,LabelPlus_Next.Tools\LabelPlus_Next.Tools.csproj,File,LabelPlus_Next.Tools\ViewModels\PackWindowViewModel.cs,723,16,M:System.TimeSpan.FromSeconds(System.Int64),,,,,using var http = new HttpClient { Timeout = TimeSpan.FromSeconds(30) };
Api.0003,所选 .NET 版本中的行为变化,Active,Potential,1,LabelPlus_Next.Tools\LabelPlus_Next.Tools.csproj,File,LabelPlus_Next.Tools\ViewModels\PackWindowViewModel.cs,644,12,T:System.Text.Json.JsonDocument,,,,,using var doc = JsonDocument.Parse(json);
Api.0003,所选 .NET 版本中的行为变化,Active,Potential,1,LabelPlus_Next.Tools\LabelPlus_Next.Tools.csproj,File,LabelPlus_Next.Tools\ViewModels\PackWindowViewModel.cs,644,12,T:System.Text.Json.JsonDocument,,,,,using var doc = JsonDocument.Parse(json);
Api.0003,所选 .NET 版本中的行为变化,Active,Potential,1,LabelPlus_Next.Tools\LabelPlus_Next.Tools.csproj,File,LabelPlus_Next.Tools\ViewModels\PackWindowViewModel.cs,429,12,T:System.Uri,,,,,"ManifestUrl = new Uri(pubRoot, ""manifest.json"").ToString();"
Api.0003,所选 .NET 版本中的行为变化,Active,Potential,1,LabelPlus_Next.Tools\LabelPlus_Next.Tools.csproj,File,LabelPlus_Next.Tools\ViewModels\PackWindowViewModel.cs,429,12,"M:System.Uri.#ctor(System.Uri,System.String)",,,,,"ManifestUrl = new Uri(pubRoot, ""manifest.json"").ToString();"
Api.0003,所选 .NET 版本中的行为变化,Active,Potential,1,LabelPlus_Next.Tools\LabelPlus_Next.Tools.csproj,File,LabelPlus_Next.Tools\ViewModels\PackWindowViewModel.cs,346,16,T:System.Uri,,,,,"var url = new Uri(pubRoot, name).ToString();"
Api.0003,所选 .NET 版本中的行为变化,Active,Potential,1,LabelPlus_Next.Tools\LabelPlus_Next.Tools.csproj,File,LabelPlus_Next.Tools\ViewModels\PackWindowViewModel.cs,346,16,"M:System.Uri.#ctor(System.Uri,System.String)",,,,,"var url = new Uri(pubRoot, name).ToString();"
Api.0003,所选 .NET 版本中的行为变化,Active,Potential,1,LabelPlus_Next.Tools\LabelPlus_Next.Tools.csproj,File,LabelPlus_Next.Tools\ViewModels\PackWindowViewModel.cs,332,12,T:System.Uri,,,,,"var pubRoot = new Uri(new Uri(baseUrl), ""d/"" + target);"
Api.0003,所选 .NET 版本中的行为变化,Active,Potential,1,LabelPlus_Next.Tools\LabelPlus_Next.Tools.csproj,File,LabelPlus_Next.Tools\ViewModels\PackWindowViewModel.cs,332,12,M:System.Uri.#ctor(System.String),,,,,"var pubRoot = new Uri(new Uri(baseUrl), ""d/"" + target);"
Api.0003,所选 .NET 版本中的行为变化,Active,Potential,1,LabelPlus_Next.Tools\LabelPlus_Next.Tools.csproj,File,LabelPlus_Next.Tools\ViewModels\PackWindowViewModel.cs,332,12,T:System.Uri,,,,,"var pubRoot = new Uri(new Uri(baseUrl), ""d/"" + target);"
Api.0003,所选 .NET 版本中的行为变化,Active,Potential,1,LabelPlus_Next.Tools\LabelPlus_Next.Tools.csproj,File,LabelPlus_Next.Tools\ViewModels\PackWindowViewModel.cs,332,12,"M:System.Uri.#ctor(System.Uri,System.String)",,,,,"var pubRoot = new Uri(new Uri(baseUrl), ""d/"" + target);"
Api.0003,所选 .NET 版本中的行为变化,Active,Potential,1,LabelPlus_Next.Tools\LabelPlus_Next.Tools.csproj,File,LabelPlus_Next.Tools\ViewModels\PackWindowViewModel.cs,331,12,T:System.Uri,,,,,"var destRoot = new Uri(new Uri(baseUrl), target);"
Api.0003,所选 .NET 版本中的行为变化,Active,Potential,1,LabelPlus_Next.Tools\LabelPlus_Next.Tools.csproj,File,LabelPlus_Next.Tools\ViewModels\PackWindowViewModel.cs,331,12,M:System.Uri.#ctor(System.String),,,,,"var destRoot = new Uri(new Uri(baseUrl), target);"
Api.0003,所选 .NET 版本中的行为变化,Active,Potential,1,LabelPlus_Next.Tools\LabelPlus_Next.Tools.csproj,File,LabelPlus_Next.Tools\ViewModels\PackWindowViewModel.cs,331,12,T:System.Uri,,,,,"var destRoot = new Uri(new Uri(baseUrl), target);"
Api.0003,所选 .NET 版本中的行为变化,Active,Potential,1,LabelPlus_Next.Tools\LabelPlus_Next.Tools.csproj,File,LabelPlus_Next.Tools\ViewModels\PackWindowViewModel.cs,331,12,"M:System.Uri.#ctor(System.Uri,System.String)",,,,,"var destRoot = new Uri(new Uri(baseUrl), target);"
Api.0003,所选 .NET 版本中的行为变化,Active,Potential,1,LabelPlus_Next.Tools\LabelPlus_Next.Tools.csproj,File,LabelPlus_Next.Tools\ViewModels\PackWindowViewModel.cs,244,16,T:System.Uri,,,,,"ManifestUrl = new Uri(pubBase, ""manifest.json"").ToString();"
Api.0003,所选 .NET 版本中的行为变化,Active,Potential,1,LabelPlus_Next.Tools\LabelPlus_Next.Tools.csproj,File,LabelPlus_Next.Tools\ViewModels\PackWindowViewModel.cs,244,16,"M:System.Uri.#ctor(System.Uri,System.String)",,,,,"ManifestUrl = new Uri(pubBase, ""manifest.json"").ToString();"
Api.0003,所选 .NET 版本中的行为变化,Active,Potential,1,LabelPlus_Next.Tools\LabelPlus_Next.Tools.csproj,File,LabelPlus_Next.Tools\ViewModels\PackWindowViewModel.cs,192,16,T:System.Uri,,,,,"var zipUrl = new Uri(pubBase, fileName).ToString();"
Api.0003,所选 .NET 版本中的行为变化,Active,Potential,1,LabelPlus_Next.Tools\LabelPlus_Next.Tools.csproj,File,LabelPlus_Next.Tools\ViewModels\PackWindowViewModel.cs,192,16,"M:System.Uri.#ctor(System.Uri,System.String)",,,,,"var zipUrl = new Uri(pubBase, fileName).ToString();"
Api.0003,所选 .NET 版本中的行为变化,Active,Potential,1,LabelPlus_Next.Tools\LabelPlus_Next.Tools.csproj,File,LabelPlus_Next.Tools\ViewModels\PackWindowViewModel.cs,191,16,T:System.Uri,,,,,"var pubBase = new Uri(new Uri(baseDir), ""d/"" + targetDir);"
Api.0003,所选 .NET 版本中的行为变化,Active,Potential,1,LabelPlus_Next.Tools\LabelPlus_Next.Tools.csproj,File,LabelPlus_Next.Tools\ViewModels\PackWindowViewModel.cs,191,16,M:System.Uri.#ctor(System.String),,,,,"var pubBase = new Uri(new Uri(baseDir), ""d/"" + targetDir);"
Api.0003,所选 .NET 版本中的行为变化,Active,Potential,1,LabelPlus_Next.Tools\LabelPlus_Next.Tools.csproj,File,LabelPlus_Next.Tools\ViewModels\PackWindowViewModel.cs,191,16,T:System.Uri,,,,,"var pubBase = new Uri(new Uri(baseDir), ""d/"" + targetDir);"
Api.0003,所选 .NET 版本中的行为变化,Active,Potential,1,LabelPlus_Next.Tools\LabelPlus_Next.Tools.csproj,File,LabelPlus_Next.Tools\ViewModels\PackWindowViewModel.cs,191,16,"M:System.Uri.#ctor(System.Uri,System.String)",,,,,"var pubBase = new Uri(new Uri(baseDir), ""d/"" + targetDir);"
Api.0003,所选 .NET 版本中的行为变化,Active,Potential,1,LabelPlus_Next.Tools\LabelPlus_Next.Tools.csproj,File,LabelPlus_Next.Tools\ViewModels\PackWindowViewModel.cs,190,16,T:System.Uri,,,,,"var destBase = new Uri(new Uri(baseDir), targetDir);"
Api.0003,所选 .NET 版本中的行为变化,Active,Potential,1,LabelPlus_Next.Tools\LabelPlus_Next.Tools.csproj,File,LabelPlus_Next.Tools\ViewModels\PackWindowViewModel.cs,190,16,M:System.Uri.#ctor(System.String),,,,,"var destBase = new Uri(new Uri(baseDir), targetDir);"
Api.0003,所选 .NET 版本中的行为变化,Active,Potential,1,LabelPlus_Next.Tools\LabelPlus_Next.Tools.csproj,File,LabelPlus_Next.Tools\ViewModels\PackWindowViewModel.cs,190,16,T:System.Uri,,,,,"var destBase = new Uri(new Uri(baseDir), targetDir);"
Api.0003,所选 .NET 版本中的行为变化,Active,Potential,1,LabelPlus_Next.Tools\LabelPlus_Next.Tools.csproj,File,LabelPlus_Next.Tools\ViewModels\PackWindowViewModel.cs,190,16,"M:System.Uri.#ctor(System.Uri,System.String)",,,,,"var destBase = new Uri(new Uri(baseDir), targetDir);"
Api.0003,所选 .NET 版本中的行为变化,Active,Potential,1,LabelPlus_Next.Tools\LabelPlus_Next.Tools.csproj,File,LabelPlus_Next.Tools\ViewModels\MainWindowViewModel.cs,563,12,T:System.Uri,,,,,"var res = await _client!.Propfind(new Uri(abs, UriKind.Absolute), ListParams);"
Api.0003,所选 .NET 版本中的行为变化,Active,Potential,1,LabelPlus_Next.Tools\LabelPlus_Next.Tools.csproj,File,LabelPlus_Next.Tools\ViewModels\MainWindowViewModel.cs,563,12,"M:System.Uri.#ctor(System.String,System.UriKind)",,,,,"var res = await _client!.Propfind(new Uri(abs, UriKind.Absolute), ListParams);"
Api.0003,所选 .NET 版本中的行为变化,Active,Potential,1,LabelPlus_Next.Tools\LabelPlus_Next.Tools.csproj,File,LabelPlus_Next.Tools\ViewModels\MainWindowViewModel.cs,502,12,T:System.Uri,,,,,return Uri.UnescapeDataString(rel);
Api.0003,所选 .NET 版本中的行为变化,Active,Potential,1,LabelPlus_Next.Tools\LabelPlus_Next.Tools.csproj,File,LabelPlus_Next.Tools\ViewModels\MainWindowViewModel.cs,501,12,T:System.Uri,,,,,var rel = baseUri.MakeRelativeUri(absUri).ToString();
Api.0003,所选 .NET 版本中的行为变化,Active,Potential,1,LabelPlus_Next.Tools\LabelPlus_Next.Tools.csproj,File,LabelPlus_Next.Tools\ViewModels\MainWindowViewModel.cs,500,12,T:System.Uri,,,,,"var absUri = new Uri(absolute, UriKind.Absolute);"
Api.0003,所选 .NET 版本中的行为变化,Active,Potential,1,LabelPlus_Next.Tools\LabelPlus_Next.Tools.csproj,File,LabelPlus_Next.Tools\ViewModels\MainWindowViewModel.cs,500,12,"M:System.Uri.#ctor(System.String,System.UriKind)",,,,,"var absUri = new Uri(absolute, UriKind.Absolute);"
Api.0003,所选 .NET 版本中的行为变化,Active,Potential,1,LabelPlus_Next.Tools\LabelPlus_Next.Tools.csproj,File,LabelPlus_Next.Tools\ViewModels\MainWindowViewModel.cs,499,12,T:System.Uri,,,,,"var baseUri = new Uri(baseUrlDir, UriKind.Absolute);"
Api.0003,所选 .NET 版本中的行为变化,Active,Potential,1,LabelPlus_Next.Tools\LabelPlus_Next.Tools.csproj,File,LabelPlus_Next.Tools\ViewModels\MainWindowViewModel.cs,499,12,"M:System.Uri.#ctor(System.String,System.UriKind)",,,,,"var baseUri = new Uri(baseUrlDir, UriKind.Absolute);"
Api.0003,所选 .NET 版本中的行为变化,Active,Potential,1,LabelPlus_Next.Tools\LabelPlus_Next.Tools.csproj,File,LabelPlus_Next.Tools\ViewModels\MainWindowViewModel.cs,489,8,T:System.Uri,,,,,"return new Uri(baseUri, rel).ToString();"
Api.0003,所选 .NET 版本中的行为变化,Active,Potential,1,LabelPlus_Next.Tools\LabelPlus_Next.Tools.csproj,File,LabelPlus_Next.Tools\ViewModels\MainWindowViewModel.cs,489,8,"M:System.Uri.#ctor(System.Uri,System.String)",,,,,"return new Uri(baseUri, rel).ToString();"
Api.0003,所选 .NET 版本中的行为变化,Active,Potential,1,LabelPlus_Next.Tools\LabelPlus_Next.Tools.csproj,File,LabelPlus_Next.Tools\ViewModels\MainWindowViewModel.cs,486,12,T:System.Uri,,,,,"return new Uri(origin, ""/"" + rel).ToString();"
Api.0003,所选 .NET 版本中的行为变化,Active,Potential,1,LabelPlus_Next.Tools\LabelPlus_Next.Tools.csproj,File,LabelPlus_Next.Tools\ViewModels\MainWindowViewModel.cs,486,12,"M:System.Uri.#ctor(System.Uri,System.String)",,,,,"return new Uri(origin, ""/"" + rel).ToString();"
Api.0003,所选 .NET 版本中的行为变化,Active,Potential,1,LabelPlus_Next.Tools\LabelPlus_Next.Tools.csproj,File,LabelPlus_Next.Tools\ViewModels\MainWindowViewModel.cs,480,12,T:System.Uri,,,,,"return new Uri(origin, possiblyRelative).ToString();"
Api.0003,所选 .NET 版本中的行为变化,Active,Potential,1,LabelPlus_Next.Tools\LabelPlus_Next.Tools.csproj,File,LabelPlus_Next.Tools\ViewModels\MainWindowViewModel.cs,480,12,"M:System.Uri.#ctor(System.Uri,System.String)",,,,,"return new Uri(origin, possiblyRelative).ToString();"
Api.0003,所选 .NET 版本中的行为变化,Active,Potential,1,LabelPlus_Next.Tools\LabelPlus_Next.Tools.csproj,File,LabelPlus_Next.Tools\ViewModels\MainWindowViewModel.cs,475,8,P:System.Uri.AbsolutePath,,,,,var basePath = baseUri.AbsolutePath.Trim('/');
Api.0003,所选 .NET 版本中的行为变化,Active,Potential,1,LabelPlus_Next.Tools\LabelPlus_Next.Tools.csproj,File,LabelPlus_Next.Tools\ViewModels\MainWindowViewModel.cs,474,8,T:System.Uri,,,,,var origin = new Uri(baseUri.GetLeftPart(UriPartial.Authority));
Api.0003,所选 .NET 版本中的行为变化,Active,Potential,1,LabelPlus_Next.Tools\LabelPlus_Next.Tools.csproj,File,LabelPlus_Next.Tools\ViewModels\MainWindowViewModel.cs,474,8,M:System.Uri.#ctor(System.String),,,,,var origin = new Uri(baseUri.GetLeftPart(UriPartial.Authority));
Api.0003,所选 .NET 版本中的行为变化,Active,Potential,1,LabelPlus_Next.Tools\LabelPlus_Next.Tools.csproj,File,LabelPlus_Next.Tools\ViewModels\MainWindowViewModel.cs,473,8,T:System.Uri,,,,,"var baseUri = new Uri(EnsureSlash(BaseUrl!), UriKind.Absolute);"
Api.0003,所选 .NET 版本中的行为变化,Active,Potential,1,LabelPlus_Next.Tools\LabelPlus_Next.Tools.csproj,File,LabelPlus_Next.Tools\ViewModels\MainWindowViewModel.cs,473,8,"M:System.Uri.#ctor(System.String,System.UriKind)",,,,,"var baseUri = new Uri(EnsureSlash(BaseUrl!), UriKind.Absolute);"
Api.0003,所选 .NET 版本中的行为变化,Active,Potential,1,LabelPlus_Next.Tools\LabelPlus_Next.Tools.csproj,File,LabelPlus_Next.Tools\ViewModels\MainWindowViewModel.cs,471,8,T:System.Uri,,,,,"if (Uri.TryCreate(possiblyRelative, UriKind.Absolute, out var abs)) return abs.ToString();"
Api.0003,所选 .NET 版本中的行为变化,Active,Potential,1,LabelPlus_Next.Tools\LabelPlus_Next.Tools.csproj,File,LabelPlus_Next.Tools\ViewModels\MainWindowViewModel.cs,471,8,"M:System.Uri.TryCreate(System.String,System.UriKind,System.Uri@)",,,,,"if (Uri.TryCreate(possiblyRelative, UriKind.Absolute, out var abs)) return abs.ToString();"
Api.0003,所选 .NET 版本中的行为变化,Active,Potential,1,LabelPlus_Next.Tools\LabelPlus_Next.Tools.csproj,File,LabelPlus_Next.Tools\ViewModels\MainWindowViewModel.cs,452,12,T:System.Uri,,,,,"var u = new Uri(url, UriKind.Absolute);"
Api.0003,所选 .NET 版本中的行为变化,Active,Potential,1,LabelPlus_Next.Tools\LabelPlus_Next.Tools.csproj,File,LabelPlus_Next.Tools\ViewModels\MainWindowViewModel.cs,452,12,"M:System.Uri.#ctor(System.String,System.UriKind)",,,,,"var u = new Uri(url, UriKind.Absolute);"
Api.0003,所选 .NET 版本中的行为变化,Active,Potential,1,LabelPlus_Next.Tools\LabelPlus_Next.Tools.csproj,File,LabelPlus_Next.Tools\ViewModels\MainWindowViewModel.cs,441,8,T:System.Uri,,,,,parts.Add(Uri.EscapeDataString(fileName));
Api.0003,所选 .NET 版本中的行为变化,Active,Potential,1,LabelPlus_Next.Tools\LabelPlus_Next.Tools.csproj,File,LabelPlus_Next.Tools\ViewModels\MainWindowViewModel.cs,438,16,T:System.Uri,,,,,"parts.AddRange(cleaned.Split('/', StringSplitOptions.RemoveEmptyEntries).Select(Uri.EscapeDataString));"
Api.0003,所选 .NET 版本中的行为变化,Active,Potential,1,LabelPlus_Next.Tools\LabelPlus_Next.Tools.csproj,File,LabelPlus_Next.Tools\ViewModels\MainWindowViewModel.cs,425,8,T:System.Uri,,,,,"var final = new Uri(new Uri(baseDir, UriKind.Absolute), remotePath).ToString();"
Api.0003,所选 .NET 版本中的行为变化,Active,Potential,1,LabelPlus_Next.Tools\LabelPlus_Next.Tools.csproj,File,LabelPlus_Next.Tools\ViewModels\MainWindowViewModel.cs,425,8,"M:System.Uri.#ctor(System.String,System.UriKind)",,,,,"var final = new Uri(new Uri(baseDir, UriKind.Absolute), remotePath).ToString();"
Api.0003,所选 .NET 版本中的行为变化,Active,Potential,1,LabelPlus_Next.Tools\LabelPlus_Next.Tools.csproj,File,LabelPlus_Next.Tools\ViewModels\MainWindowViewModel.cs,425,8,T:System.Uri,,,,,"var final = new Uri(new Uri(baseDir, UriKind.Absolute), remotePath).ToString();"
Api.0003,所选 .NET 版本中的行为变化,Active,Potential,1,LabelPlus_Next.Tools\LabelPlus_Next.Tools.csproj,File,LabelPlus_Next.Tools\ViewModels\MainWindowViewModel.cs,425,8,"M:System.Uri.#ctor(System.Uri,System.String)",,,,,"var final = new Uri(new Uri(baseDir, UriKind.Absolute), remotePath).ToString();"
Api.0003,所选 .NET 版本中的行为变化,Active,Potential,1,LabelPlus_Next.Tools\LabelPlus_Next.Tools.csproj,File,LabelPlus_Next.Tools\ViewModels\MainWindowViewModel.cs,411,16,T:System.Uri,,,,,var basePath = new Uri(baseDir).AbsolutePath.Trim('/');
Api.0003,所选 .NET 版本中的行为变化,Active,Potential,1,LabelPlus_Next.Tools\LabelPlus_Next.Tools.csproj,File,LabelPlus_Next.Tools\ViewModels\MainWindowViewModel.cs,411,16,M:System.Uri.#ctor(System.String),,,,,var basePath = new Uri(baseDir).AbsolutePath.Trim('/');
Api.0003,所选 .NET 版本中的行为变化,Active,Potential,1,LabelPlus_Next.Tools\LabelPlus_Next.Tools.csproj,File,LabelPlus_Next.Tools\ViewModels\MainWindowViewModel.cs,411,16,P:System.Uri.AbsolutePath,,,,,var basePath = new Uri(baseDir).AbsolutePath.Trim('/');
Api.0003,所选 .NET 版本中的行为变化,Active,Potential,1,LabelPlus_Next.Tools\LabelPlus_Next.Tools.csproj,File,LabelPlus_Next.Tools\ViewModels\MainWindowViewModel.cs,404,12,T:System.Uri,,,,,"if (Uri.TryCreate(destFolderUri, UriKind.Absolute, out var abs))              {                  relDir = ToRelativePath(abs.ToString());              }              else              {                  relDir = destFolderUri.Replace('\\', '/').Trim('/');                  var basePath = new Uri(baseDir).AbsolutePath.Trim('/');                  if (!string.IsNullOrEmpty(basePath))                  {                      if (relDir.Equals(basePath, StringComparison.OrdinalIgnoreCase)) relDir = string.Empty;                      else if (relDir.StartsWith(basePath + ""/"", StringComparison.OrdinalIgnoreCase)) relDir = relDir[(basePath.Length + 1)..];                  }              }"
Api.0003,所选 .NET 版本中的行为变化,Active,Potential,1,LabelPlus_Next.Tools\LabelPlus_Next.Tools.csproj,File,LabelPlus_Next.Tools\ViewModels\MainWindowViewModel.cs,404,12,"M:System.Uri.TryCreate(System.String,System.UriKind,System.Uri@)",,,,,"if (Uri.TryCreate(destFolderUri, UriKind.Absolute, out var abs))              {                  relDir = ToRelativePath(abs.ToString());              }              else              {                  relDir = destFolderUri.Replace('\\', '/').Trim('/');                  var basePath = new Uri(baseDir).AbsolutePath.Trim('/');                  if (!string.IsNullOrEmpty(basePath))                  {                      if (relDir.Equals(basePath, StringComparison.OrdinalIgnoreCase)) relDir = string.Empty;                      else if (relDir.StartsWith(basePath + ""/"", StringComparison.OrdinalIgnoreCase)) relDir = relDir[(basePath.Length + 1)..];                  }              }"
Api.0002,对所选 .NET 版本源代码不兼容,Active,Potential,1,LabelPlus_Next.Tools\LabelPlus_Next.Tools.csproj,File,LabelPlus_Next.Tools\ViewModels\MainWindowViewModel.cs,386,12,M:System.TimeSpan.FromMilliseconds(System.Double),,,,,"var delay = TimeSpan.FromMilliseconds(baseDelayMs * Math.Pow(2, attempt - 1) + Random.Shared.Next(0, 250));"
Api.0003,所选 .NET 版本中的行为变化,Active,Potential,1,LabelPlus_Next.Tools\LabelPlus_Next.Tools.csproj,File,LabelPlus_Next.Tools\ViewModels\MainWindowViewModel.cs,282,8,T:System.Uri,,,,,"var res = await _client!.Propfind(new Uri(abs, UriKind.Absolute), ListParams);"
Api.0003,所选 .NET 版本中的行为变化,Active,Potential,1,LabelPlus_Next.Tools\LabelPlus_Next.Tools.csproj,File,LabelPlus_Next.Tools\ViewModels\MainWindowViewModel.cs,282,8,"M:System.Uri.#ctor(System.String,System.UriKind)",,,,,"var res = await _client!.Propfind(new Uri(abs, UriKind.Absolute), ListParams);"
Api.0003,所选 .NET 版本中的行为变化,Active,Potential,1,LabelPlus_Next.Tools\LabelPlus_Next.Tools.csproj,File,LabelPlus_Next.Tools\ViewModels\MainWindowViewModel.cs,233,8,T:System.Uri,,,,,"var res = await _client!.Propfind(new Uri(BaseUrl!, UriKind.Absolute), ListParams);"
Api.0003,所选 .NET 版本中的行为变化,Active,Potential,1,LabelPlus_Next.Tools\LabelPlus_Next.Tools.csproj,File,LabelPlus_Next.Tools\ViewModels\MainWindowViewModel.cs,233,8,"M:System.Uri.#ctor(System.String,System.UriKind)",,,,,"var res = await _client!.Propfind(new Uri(BaseUrl!, UriKind.Absolute), ListParams);"
Api.0003,所选 .NET 版本中的行为变化,Active,Potential,1,LabelPlus_Next.Tools\LabelPlus_Next.Tools.csproj,File,LabelPlus_Next.Tools\Publisher.cs,220,16,T:System.Uri,,,,,"var raw = s.BaseUrl.TrimEnd('/') + ""/d/"" + Uri.EscapeDataString(get.Data.Sign!);"
Api.0003,所选 .NET 版本中的行为变化,Active,Potential,1,LabelPlus_Next.Tools\LabelPlus_Next.Tools.csproj,File,LabelPlus_Next.Tools\Publisher.cs,183,12,T:System.Text.Json.JsonDocument,,,,,using var doc = JsonDocument.Parse(json);
Api.0003,所选 .NET 版本中的行为变化,Active,Potential,1,LabelPlus_Next.Tools\LabelPlus_Next.Tools.csproj,File,LabelPlus_Next.Tools\Publisher.cs,183,12,T:System.Text.Json.JsonDocument,,,,,using var doc = JsonDocument.Parse(json);
Api.0003,所选 .NET 版本中的行为变化,Active,Potential,1,LabelPlus_Next.Tools\LabelPlus_Next.Tools.csproj,File,LabelPlus_Next.Tools\Publisher.cs,156,12,T:System.Text.Json.JsonDocument,,,,,var doc = JsonDocument.Parse(json);
Api.0003,所选 .NET 版本中的行为变化,Active,Potential,1,LabelPlus_Next.Tools\LabelPlus_Next.Tools.csproj,File,LabelPlus_Next.Tools\Publisher.cs,156,12,T:System.Text.Json.JsonDocument,,,,,var doc = JsonDocument.Parse(json);
Api.0003,所选 .NET 版本中的行为变化,Active,Potential,1,LabelPlus_Next.Tools\LabelPlus_Next.Tools.csproj,File,LabelPlus_Next.Tools\Publisher.cs,155,12,T:System.Net.Http.HttpContent,,,,,var json = await resp.Content.ReadAsStringAsync();
Api.0003,所选 .NET 版本中的行为变化,Active,Potential,1,LabelPlus_Next.Tools\LabelPlus_Next.Tools.csproj,File,LabelPlus_Next.Tools\Publisher.cs,152,12,T:System.Net.Http.HttpContent,,,,,"using var req = new HttpRequestMessage(HttpMethod.Post, ""/api/auth/login"") { Content = new StringContent(body, Encoding.UTF8, ""application/json"") };"
Api.0003,所选 .NET 版本中的行为变化,Active,Potential,1,LabelPlus_Next.Tools\LabelPlus_Next.Tools.csproj,File,LabelPlus_Next.Tools\Publisher.cs,149,12,T:System.Uri,,,,,"using var http = new HttpClient { BaseAddress = new Uri(s.BaseUrl.TrimEnd('/') + ""/"") };"
Api.0003,所选 .NET 版本中的行为变化,Active,Potential,1,LabelPlus_Next.Tools\LabelPlus_Next.Tools.csproj,File,LabelPlus_Next.Tools\Publisher.cs,149,12,M:System.Uri.#ctor(System.String),,,,,"using var http = new HttpClient { BaseAddress = new Uri(s.BaseUrl.TrimEnd('/') + ""/"") };"
Api.0003,所选 .NET 版本中的行为变化,Active,Potential,1,LabelPlus_Next.Tools\LabelPlus_Next.Tools.csproj,File,LabelPlus_Next.Tools\Publisher.cs,149,12,T:System.Uri,,,,,"using var http = new HttpClient { BaseAddress = new Uri(s.BaseUrl.TrimEnd('/') + ""/"") };"
Api.0003,所选 .NET 版本中的行为变化,Active,Potential,1,LabelPlus_Next.Tools\LabelPlus_Next.Tools.csproj,File,LabelPlus_Next.Tools\Publisher.cs,47,69,T:System.Uri,,,,,"publicUrl = settings.BaseUrl.TrimEnd('/') + ""/d/"" + Uri.EscapeDataString(meta.Data.Sign!);"
NuGet.0002,建议升级 NuGet 包,Active,Potential,1,LabelPlus_Next.Update\LabelPlus_Next.Update.csproj,File,LabelPlus_Next.Update\LabelPlus_Next.Update.csproj,,,Microsoft.Extensions.DependencyInjection 9.0.8,,,,,"Microsoft.Extensions.DependencyInjection, 9.0.8  建议:  Remove Microsoft.Extensions.DependencyInjection, and replace with new package Microsoft.Extensions.DependencyInjection 10.0.3"
Project.0002,需要更改项目的目标框架,Active,Mandatory,1,LabelPlus_Next.Update\LabelPlus_Next.Update.csproj,File,LabelPlus_Next.Update\LabelPlus_Next.Update.csproj,,,,,,,,当前目标框架: net9.0 建议的目标框架: net10.0-windows
Api.0003,所选 .NET 版本中的行为变化,Active,Potential,1,LabelPlus_Next.Update\LabelPlus_Next.Update.csproj,File,LabelPlus_Next.Update\Services\UpdaterService.cs,1245,47,T:System.Net.Http.HttpContent,,,,,return await resp2.Content.ReadAsStringAsync();
Api.0003,所选 .NET 版本中的行为变化,Active,Potential,1,LabelPlus_Next.Update\LabelPlus_Next.Update.csproj,File,LabelPlus_Next.Update\Services\UpdaterService.cs,1223,43,T:System.Net.Http.HttpContent,,,,,return await resp1.Content.ReadAsStringAsync();
Api.0003,所选 .NET 版本中的行为变化,Active,Potential,1,LabelPlus_Next.Update\LabelPlus_Next.Update.csproj,File,LabelPlus_Next.Update\Services\UpdaterService.cs,1185,16,P:System.Uri.AbsolutePath,,,,,remotePath = manifestUri.AbsolutePath;
Api.0003,所选 .NET 版本中的行为变化,Active,Potential,1,LabelPlus_Next.Update\LabelPlus_Next.Update.csproj,File,LabelPlus_Next.Update\Services\UpdaterService.cs,1146,16,P:System.Uri.AbsolutePath,,,,,var path = u.AbsolutePath ?? string.Empty;
Api.0003,所选 .NET 版本中的行为变化,Active,Potential,1,LabelPlus_Next.Update\LabelPlus_Next.Update.csproj,File,LabelPlus_Next.Update\Services\UpdaterService.cs,1144,16,T:System.Uri,,,,,var baseHost = new Uri(AppendSlash(upd.BaseUrl!)).Host;
Api.0003,所选 .NET 版本中的行为变化,Active,Potential,1,LabelPlus_Next.Update\LabelPlus_Next.Update.csproj,File,LabelPlus_Next.Update\Services\UpdaterService.cs,1144,16,M:System.Uri.#ctor(System.String),,,,,var baseHost = new Uri(AppendSlash(upd.BaseUrl!)).Host;
Api.0003,所选 .NET 版本中的行为变化,Active,Potential,1,LabelPlus_Next.Update\LabelPlus_Next.Update.csproj,File,LabelPlus_Next.Update\Services\UpdaterService.cs,1143,16,T:System.Uri,,,,,var u = new Uri(resolved);
Api.0003,所选 .NET 版本中的行为变化,Active,Potential,1,LabelPlus_Next.Update\LabelPlus_Next.Update.csproj,File,LabelPlus_Next.Update\Services\UpdaterService.cs,1143,16,M:System.Uri.#ctor(System.String),,,,,var u = new Uri(resolved);
Api.0003,所选 .NET 版本中的行为变化,Active,Potential,1,LabelPlus_Next.Update\LabelPlus_Next.Update.csproj,File,LabelPlus_Next.Update\Services\UpdaterService.cs,1106,24,T:System.Uri,,,,,"if (!string.IsNullOrWhiteSpace(s) && Uri.TryCreate(s, UriKind.Absolute, out var u)) manifestUri = u;"
Api.0003,所选 .NET 版本中的行为变化,Active,Potential,1,LabelPlus_Next.Update\LabelPlus_Next.Update.csproj,File,LabelPlus_Next.Update\Services\UpdaterService.cs,1106,24,"M:System.Uri.TryCreate(System.String,System.UriKind,System.Uri@)",,,,,"if (!string.IsNullOrWhiteSpace(s) && Uri.TryCreate(s, UriKind.Absolute, out var u)) manifestUri = u;"
Api.0003,所选 .NET 版本中的行为变化,Active,Potential,1,LabelPlus_Next.Update\LabelPlus_Next.Update.csproj,File,LabelPlus_Next.Update\Services\UpdaterService.cs,1102,20,T:System.Text.Json.JsonDocument,,,,,using var doc = JsonDocument.Parse(fs);
Api.0003,所选 .NET 版本中的行为变化,Active,Potential,1,LabelPlus_Next.Update\LabelPlus_Next.Update.csproj,File,LabelPlus_Next.Update\Services\UpdaterService.cs,1102,20,T:System.Text.Json.JsonDocument,,,,,using var doc = JsonDocument.Parse(fs);
Api.0003,所选 .NET 版本中的行为变化,Active,Potential,1,LabelPlus_Next.Update\LabelPlus_Next.Update.csproj,File,LabelPlus_Next.Update\Services\UpdaterService.cs,1094,16,T:System.Uri,,,,,"manifestUri = Uri.TryCreate(candidate, UriKind.Absolute, out var abs) ? abs : new Uri(new Uri(baseUrl), candidate.TrimStart('/'));"
Api.0003,所选 .NET 版本中的行为变化,Active,Potential,1,LabelPlus_Next.Update\LabelPlus_Next.Update.csproj,File,LabelPlus_Next.Update\Services\UpdaterService.cs,1094,16,M:System.Uri.#ctor(System.String),,,,,"manifestUri = Uri.TryCreate(candidate, UriKind.Absolute, out var abs) ? abs : new Uri(new Uri(baseUrl), candidate.TrimStart('/'));"
Api.0003,所选 .NET 版本中的行为变化,Active,Potential,1,LabelPlus_Next.Update\LabelPlus_Next.Update.csproj,File,LabelPlus_Next.Update\Services\UpdaterService.cs,1094,16,T:System.Uri,,,,,"manifestUri = Uri.TryCreate(candidate, UriKind.Absolute, out var abs) ? abs : new Uri(new Uri(baseUrl), candidate.TrimStart('/'));"
Api.0003,所选 .NET 版本中的行为变化,Active,Potential,1,LabelPlus_Next.Update\LabelPlus_Next.Update.csproj,File,LabelPlus_Next.Update\Services\UpdaterService.cs,1094,16,"M:System.Uri.#ctor(System.Uri,System.String)",,,,,"manifestUri = Uri.TryCreate(candidate, UriKind.Absolute, out var abs) ? abs : new Uri(new Uri(baseUrl), candidate.TrimStart('/'));"
Api.0003,所选 .NET 版本中的行为变化,Active,Potential,1,LabelPlus_Next.Update\LabelPlus_Next.Update.csproj,File,LabelPlus_Next.Update\Services\UpdaterService.cs,1094,16,T:System.Uri,,,,,"manifestUri = Uri.TryCreate(candidate, UriKind.Absolute, out var abs) ? abs : new Uri(new Uri(baseUrl), candidate.TrimStart('/'));"
Api.0003,所选 .NET 版本中的行为变化,Active,Potential,1,LabelPlus_Next.Update\LabelPlus_Next.Update.csproj,File,LabelPlus_Next.Update\Services\UpdaterService.cs,1094,16,"M:System.Uri.TryCreate(System.String,System.UriKind,System.Uri@)",,,,,"manifestUri = Uri.TryCreate(candidate, UriKind.Absolute, out var abs) ? abs : new Uri(new Uri(baseUrl), candidate.TrimStart('/'));"
Api.0003,所选 .NET 版本中的行为变化,Active,Potential,1,LabelPlus_Next.Update\LabelPlus_Next.Update.csproj,File,LabelPlus_Next.Update\Services\UpdaterService.cs,1052,12,T:System.Text.Json.JsonDocument,,,,,using var doc = JsonDocument.Parse(fs);
Api.0003,所选 .NET 版本中的行为变化,Active,Potential,1,LabelPlus_Next.Update\LabelPlus_Next.Update.csproj,File,LabelPlus_Next.Update\Services\UpdaterService.cs,1052,12,T:System.Text.Json.JsonDocument,,,,,using var doc = JsonDocument.Parse(fs);
Api.0003,所选 .NET 版本中的行为变化,Active,Potential,1,LabelPlus_Next.Update\LabelPlus_Next.Update.csproj,File,LabelPlus_Next.Update\Services\UpdaterService.cs,884,16,T:System.Text.Json.JsonDocument,,,,,using var doc = JsonDocument.Parse(fs);
Api.0003,所选 .NET 版本中的行为变化,Active,Potential,1,LabelPlus_Next.Update\LabelPlus_Next.Update.csproj,File,LabelPlus_Next.Update\Services\UpdaterService.cs,884,16,T:System.Text.Json.JsonDocument,,,,,using var doc = JsonDocument.Parse(fs);
Api.0003,所选 .NET 版本中的行为变化,Active,Potential,1,LabelPlus_Next.Update\LabelPlus_Next.Update.csproj,File,LabelPlus_Next.Update\Services\UpdaterService.cs,641,16,T:System.Uri,,,,,var host = new Uri(finalUrl).Host.ToLowerInvariant();
Api.0003,所选 .NET 版本中的行为变化,Active,Potential,1,LabelPlus_Next.Update\LabelPlus_Next.Update.csproj,File,LabelPlus_Next.Update\Services\UpdaterService.cs,641,16,M:System.Uri.#ctor(System.String),,,,,var host = new Uri(finalUrl).Host.ToLowerInvariant();
Api.0003,所选 .NET 版本中的行为变化,Active,Potential,1,LabelPlus_Next.Update\LabelPlus_Next.Update.csproj,File,LabelPlus_Next.Update\Services\UpdaterService.cs,623,28,T:System.Uri,,,,,after = Uri.UnescapeDataString(after);
Api.0003,所选 .NET 版本中的行为变化,Active,Potential,1,LabelPlus_Next.Update\LabelPlus_Next.Update.csproj,File,LabelPlus_Next.Update\Services\UpdaterService.cs,617,24,P:System.Uri.AbsolutePath,,,,,var path = u.AbsolutePath;
Api.0003,所选 .NET 版本中的行为变化,Active,Potential,1,LabelPlus_Next.Update\LabelPlus_Next.Update.csproj,File,LabelPlus_Next.Update\Services\UpdaterService.cs,616,24,T:System.Uri,,,,,var u = new Uri(finalUrl);
Api.0003,所选 .NET 版本中的行为变化,Active,Potential,1,LabelPlus_Next.Update\LabelPlus_Next.Update.csproj,File,LabelPlus_Next.Update\Services\UpdaterService.cs,616,24,M:System.Uri.#ctor(System.String),,,,,var u = new Uri(finalUrl);
Api.0003,所选 .NET 版本中的行为变化,Active,Potential,1,LabelPlus_Next.Update\LabelPlus_Next.Update.csproj,File,LabelPlus_Next.Update\Services\UpdaterService.cs,569,62,T:System.Uri,,,,,"return AppendSlash(upd.BaseUrl!) + ""d/"" + Uri.EscapeDataString(result.Data.Sign);"
Api.0003,所选 .NET 版本中的行为变化,Active,Potential,1,LabelPlus_Next.Update\LabelPlus_Next.Update.csproj,File,LabelPlus_Next.Update\Services\UpdaterService.cs,565,12,T:System.Net.Http.HttpContent,,,,,var json = await resp.Content.ReadAsStringAsync();
Api.0003,所选 .NET 版本中的行为变化,Active,Potential,1,LabelPlus_Next.Update\LabelPlus_Next.Update.csproj,File,LabelPlus_Next.Update\Services\UpdaterService.cs,561,12,T:System.Net.Http.HttpContent,,,,,"using var req = new HttpRequestMessage(HttpMethod.Post, ""/api/fs/get"") { Content = new StringContent(body, Encoding.UTF8, ""application/json"") };"
Api.0003,所选 .NET 版本中的行为变化,Active,Potential,1,LabelPlus_Next.Update\LabelPlus_Next.Update.csproj,File,LabelPlus_Next.Update\Services\UpdaterService.cs,558,12,T:System.Uri,,,,,using var http = new HttpClient { BaseAddress = new Uri(AppendSlash(upd.BaseUrl!)) };
Api.0003,所选 .NET 版本中的行为变化,Active,Potential,1,LabelPlus_Next.Update\LabelPlus_Next.Update.csproj,File,LabelPlus_Next.Update\Services\UpdaterService.cs,558,12,M:System.Uri.#ctor(System.String),,,,,using var http = new HttpClient { BaseAddress = new Uri(AppendSlash(upd.BaseUrl!)) };
Api.0003,所选 .NET 版本中的行为变化,Active,Potential,1,LabelPlus_Next.Update\LabelPlus_Next.Update.csproj,File,LabelPlus_Next.Update\Services\UpdaterService.cs,558,12,T:System.Uri,,,,,using var http = new HttpClient { BaseAddress = new Uri(AppendSlash(upd.BaseUrl!)) };
Api.0003,所选 .NET 版本中的行为变化,Active,Potential,1,LabelPlus_Next.Update\LabelPlus_Next.Update.csproj,File,LabelPlus_Next.Update\Services\UpdaterService.cs,528,12,T:System.Net.Http.HttpContent,,,,,var json = await resp.Content.ReadAsStringAsync();
Api.0003,所选 .NET 版本中的行为变化,Active,Potential,1,LabelPlus_Next.Update\LabelPlus_Next.Update.csproj,File,LabelPlus_Next.Update\Services\UpdaterService.cs,525,12,T:System.Net.Http.HttpContent,,,,,"using var req = new HttpRequestMessage(HttpMethod.Post, ""/api/auth/login"") { Content = new StringContent(body, Encoding.UTF8, ""application/json"") };"
Api.0003,所选 .NET 版本中的行为变化,Active,Potential,1,LabelPlus_Next.Update\LabelPlus_Next.Update.csproj,File,LabelPlus_Next.Update\Services\UpdaterService.cs,522,12,T:System.Uri,,,,,using var http = new HttpClient { BaseAddress = new Uri(AppendSlash(upd.BaseUrl!)) };
Api.0003,所选 .NET 版本中的行为变化,Active,Potential,1,LabelPlus_Next.Update\LabelPlus_Next.Update.csproj,File,LabelPlus_Next.Update\Services\UpdaterService.cs,522,12,M:System.Uri.#ctor(System.String),,,,,using var http = new HttpClient { BaseAddress = new Uri(AppendSlash(upd.BaseUrl!)) };
Api.0003,所选 .NET 版本中的行为变化,Active,Potential,1,LabelPlus_Next.Update\LabelPlus_Next.Update.csproj,File,LabelPlus_Next.Update\Services\UpdaterService.cs,522,12,T:System.Uri,,,,,using var http = new HttpClient { BaseAddress = new Uri(AppendSlash(upd.BaseUrl!)) };
Api.0003,所选 .NET 版本中的行为变化,Active,Potential,1,LabelPlus_Next.Update\LabelPlus_Next.Update.csproj,File,LabelPlus_Next.Update\Services\UpdaterService.cs,490,12,P:System.Uri.AbsolutePath,,,,,"var segments = u.AbsolutePath.Split('/', StringSplitOptions.RemoveEmptyEntries);"
Api.0003,所选 .NET 版本中的行为变化,Active,Potential,1,LabelPlus_Next.Update\LabelPlus_Next.Update.csproj,File,LabelPlus_Next.Update\Services\UpdaterService.cs,489,12,T:System.Uri,,,,,var u = new Uri(url);
Api.0003,所选 .NET 版本中的行为变化,Active,Potential,1,LabelPlus_Next.Update\LabelPlus_Next.Update.csproj,File,LabelPlus_Next.Update\Services\UpdaterService.cs,489,12,M:System.Uri.#ctor(System.String),,,,,var u = new Uri(url);
Api.0002,对所选 .NET 版本源代码不兼容,Active,Potential,1,LabelPlus_Next.Update\LabelPlus_Next.Update.csproj,File,LabelPlus_Next.Update\Services\UpdaterService.cs,430,20,M:System.TimeSpan.FromSeconds(System.Double),,,,,"Remaining = contentLength > 0 && bytesPerSecond > 0                          ? TimeSpan.FromSeconds(Math.Max(0, (contentLength - totalRead) / bytesPerSecond))                          : TimeSpan.Zero;"
Api.0003,所选 .NET 版本中的行为变化,Active,Potential,1,LabelPlus_Next.Update\LabelPlus_Next.Update.csproj,File,LabelPlus_Next.Update\Services\UpdaterService.cs,410,12,T:System.Net.Http.HttpContent,,,,,await using var responseStream = await resp.Content.ReadAsStreamAsync();
Api.0003,所选 .NET 版本中的行为变化,Active,Potential,1,LabelPlus_Next.Update\LabelPlus_Next.Update.csproj,File,LabelPlus_Next.Update\Services\UpdaterService.cs,410,12,M:System.Net.Http.HttpContent.ReadAsStreamAsync,,,,,await using var responseStream = await resp.Content.ReadAsStreamAsync();
Api.0003,所选 .NET 版本中的行为变化,Active,Potential,1,LabelPlus_Next.Update\LabelPlus_Next.Update.csproj,File,LabelPlus_Next.Update\Services\UpdaterService.cs,407,12,T:System.Net.Http.HttpContent,,,,,var contentLength = resp.Content.Headers.ContentLength ?? 0L;
Api.0003,所选 .NET 版本中的行为变化,Active,Potential,1,LabelPlus_Next.Update\LabelPlus_Next.Update.csproj,File,LabelPlus_Next.Update\Services\UpdaterService.cs,384,16,T:System.Uri,,,,,var host = new Uri(url).Host.ToLowerInvariant();
Api.0003,所选 .NET 版本中的行为变化,Active,Potential,1,LabelPlus_Next.Update\LabelPlus_Next.Update.csproj,File,LabelPlus_Next.Update\Services\UpdaterService.cs,384,16,M:System.Uri.#ctor(System.String),,,,,var host = new Uri(url).Host.ToLowerInvariant();
Api.0002,对所选 .NET 版本源代码不兼容,Active,Potential,1,LabelPlus_Next.Update\LabelPlus_Next.Update.csproj,File,LabelPlus_Next.Update\Services\UpdaterService.cs,289,16,M:System.TimeSpan.FromSeconds(System.Double),,,,,Remaining = TimeSpan.FromSeconds(e.TotalBytesToReceive > 0 && e.AverageBytesPerSecondSpeed > 0                      ? (e.TotalBytesToReceive - e.ReceivedBytesSize) / e.AverageBytesPerSecondSpeed                      : 0);
Api.0003,所选 .NET 版本中的行为变化,Active,Potential,1,LabelPlus_Next.Update\LabelPlus_Next.Update.csproj,File,LabelPlus_Next.Update\Services\UpdaterService.cs,263,16,T:System.Uri,,,,,var host = new Uri(url).Host.ToLowerInvariant();
Api.0003,所选 .NET 版本中的行为变化,Active,Potential,1,LabelPlus_Next.Update\LabelPlus_Next.Update.csproj,File,LabelPlus_Next.Update\Services\UpdaterService.cs,263,16,M:System.Uri.#ctor(System.String),,,,,var host = new Uri(url).Host.ToLowerInvariant();
Api.0003,所选 .NET 版本中的行为变化,Active,Potential,1,LabelPlus_Next.Update\LabelPlus_Next.Update.csproj,File,LabelPlus_Next.Update\ViewModels\MainWindowViewModel.cs,115,16,T:System.Text.Json.JsonDocument,,,,,using var doc = JsonDocument.Parse(fs);
Api.0003,所选 .NET 版本中的行为变化,Active,Potential,1,LabelPlus_Next.Update\LabelPlus_Next.Update.csproj,File,LabelPlus_Next.Update\ViewModels\MainWindowViewModel.cs,115,16,T:System.Text.Json.JsonDocument,,,,,using var doc = JsonDocument.Parse(fs);
